nohup: ignoring input
2025-10-21 04:57:11,133 - __main__ - INFO - ✓ Loaded 310 reliable parent domains
2025-10-21 04:57:11,133 - __main__ - INFO - Loading sentence transformer model: all-MiniLM-L6-v2 (same as machine_learning.py)
2025-10-21 04:57:14,534 - __main__ - INFO -  Embedding model loaded successfully - compatible with machine_learning.py
2025-10-21 04:57:14,535 - __main__ - INFO -  SYSTEM INFORMATION:
2025-10-21 04:57:14,536 - __main__ - INFO -     Operating System: posix
2025-10-21 04:57:14,536 - __main__ - INFO -     Python Version: 3.12.3 (main, Aug 14 2025, 17:47:21) [GCC 13.3.0]
2025-10-21 04:57:14,536 - __main__ - INFO -     Working Directory: /workspace/AutoClimDS/KGNeptune
2025-10-21 04:57:14,537 - __main__ - INFO -     Script Location: /workspace/AutoClimDS/KGNeptune/json_to_csvs.py
2025-10-21 04:57:14,537 - __main__ - INFO -  AVAILABLE COMPONENTS:
2025-10-21 04:57:14,538 - __main__ - INFO -     SentenceTransformers:  Available
2025-10-21 04:57:14,538 - __main__ - INFO -     Pandas:  Available
2025-10-21 04:57:14,538 - __main__ - INFO -     Embedding Generation:  Enabled
2025-10-21 04:57:14,539 - __main__ - INFO - Using pre-computed ML predictions for CESM variable to dataset mapping
2025-10-21 04:57:14,539 - __main__ - INFO - Processing JSON file: /workspace/AutoClimDS/NasaCMRData/noaa_json/noaa_nasa_enhanced_multi_query.json
2025-10-21 04:57:17,071 - __main__ - INFO -  Successfully loaded JSON data from /workspace/AutoClimDS/NasaCMRData/noaa_json/noaa_nasa_enhanced_multi_query.json
2025-10-21 04:57:17,071 - __main__ - INFO - Processing NOAA format: found 258112 RelatedUrls
2025-10-21 04:57:17,603 - __main__ - INFO - ✓ Indexed RelatedUrls for 50467 datasets
2025-10-21 04:57:17,604 - __main__ - INFO - 🔬 Loading CESM variables from CSV file...
2025-10-21 04:57:17,620 - __main__ - INFO - ✓ Loaded 2289 CESM variables from /workspace/AutoClimDS/KGNeptune/../NasaCMRData/cesm_variables/cesm_variables_raw.csv
2025-10-21 04:57:17,621 - __main__ - INFO - DEBUG: load_cesm_variables returned 2289 variables
2025-10-21 04:57:17,621 - __main__ - INFO - ✓ Added 2289 CESM variables to data
2025-10-21 04:57:17,621 - __main__ - INFO - DEBUG: First CESM variable: {'standard_type': 'atm', 'component': 'moar', 'temporal_frequency': 'day_1', 'cesm_name': 'CLDICE', 'time_averaging': 'time: mean', 'description': 'Grid box averaged cloud ice amount', 'units': 'kg/kg', 'dimensions': 'time lev lat lon'}
2025-10-21 04:57:17,621 - __main__ - INFO - Processing Dataset nodes and extracting links...
2025-10-21 05:07:20,912 - __main__ - INFO - 🧠 Processing embedding batch: 100 items (total processed: 0)
2025-10-21 05:07:22,113 - __main__ - INFO - 🧠 Processing embedding batch: 100 items (total processed: 100)
2025-10-21 05:07:22,145 - __main__ - INFO - 🧠 Processing embedding batch: 100 items (total processed: 200)
2025-10-21 05:07:22,162 - __main__ - INFO - 🧠 Processing embedding batch: 100 items (total processed: 300)
2025-10-21 05:07:22,184 - __main__ - INFO - 🧠 Processing embedding batch: 100 items (total processed: 400)
2025-10-21 05:07:22,206 - __main__ - INFO - 🧠 Processing embedding batch: 100 items (total processed: 500)
2025-10-21 05:07:22,225 - __main__ - INFO - 🧠 Processing embedding batch: 100 items (total processed: 600)
2025-10-21 05:07:22,241 - __main__ - INFO - 🧠 Processing embedding batch: 100 items (total processed: 700)
2025-10-21 05:07:22,257 - __main__ - INFO - 🧠 Processing embedding batch: 100 items (total processed: 800)
2025-10-21 05:07:22,272 - __main__ - INFO - 🧠 Processing embedding batch: 100 items (total processed: 900)
2025-10-21 05:07:22,290 - __main__ - INFO - 🧠 Processing embedding batch: 100 items (total processed: 1000)
2025-10-21 05:07:22,305 - __main__ - INFO - 🧠 Processing embedding batch: 100 items (total processed: 1100)
2025-10-21 05:07:22,321 - __main__ - INFO - 🧠 Processing embedding batch: 100 items (total processed: 1200)
2025-10-21 05:07:22,336 - __main__ - INFO - 🧠 Processing embedding batch: 100 items (total processed: 1300)
2025-10-21 05:07:22,351 - __main__ - INFO - 🧠 Processing embedding batch: 100 items (total processed: 1400)
2025-10-21 05:07:22,366 - __main__ - INFO - 🧠 Processing embedding batch: 100 items (total processed: 1500)
2025-10-21 05:07:22,381 - __main__ - INFO - 🧠 Processing embedding batch: 100 items (total processed: 1600)
2025-10-21 05:07:22,396 - __main__ - INFO - 🧠 Processing embedding batch: 100 items (total processed: 1700)
2025-10-21 05:07:22,410 - __main__ - INFO - 🧠 Processing embedding batch: 100 items (total processed: 1800)
2025-10-21 05:07:22,425 - __main__ - INFO - 🧠 Processing embedding batch: 100 items (total processed: 1900)
2025-10-21 05:07:22,440 - __main__ - INFO - 🧠 Processing embedding batch: 100 items (total processed: 2000)
2025-10-21 05:07:22,455 - __main__ - INFO - 🧠 Processing embedding batch: 100 items (total processed: 2100)
2025-10-21 05:07:22,473 - __main__ - INFO - 🧠 Processing embedding batch: 100 items (total processed: 2200)
2025-10-21 05:07:22,489 - __main__ - INFO - 🧠 Processing embedding batch: 100 items (total processed: 2300)
2025-10-21 05:07:22,504 - __main__ - INFO - 🧠 Processing embedding batch: 100 items (total processed: 2400)
2025-10-21 05:07:22,519 - __main__ - INFO - 🧠 Processing embedding batch: 100 items (total processed: 2500)
2025-10-21 05:07:22,534 - __main__ - INFO - 🧠 Processing embedding batch: 100 items (total processed: 2600)
2025-10-21 05:07:22,549 - __main__ - INFO - 🧠 Processing embedding batch: 100 items (total processed: 2700)
2025-10-21 05:07:22,565 - __main__ - INFO - 🧠 Processing embedding batch: 100 items (total processed: 2800)
2025-10-21 05:07:22,580 - __main__ - INFO - 🧠 Processing embedding batch: 100 items (total processed: 2900)
2025-10-21 05:07:22,595 - __main__ - INFO - 🧠 Processing embedding batch: 100 items (total processed: 3000)
2025-10-21 05:07:22,610 - __main__ - INFO - 🧠 Processing embedding batch: 100 items (total processed: 3100)
2025-10-21 05:07:22,626 - __main__ - INFO - 🧠 Processing embedding batch: 100 items (total processed: 3200)
2025-10-21 05:07:22,641 - __main__ - INFO - 🧠 Processing embedding batch: 100 items (total processed: 3300)
2025-10-21 05:07:22,660 - __main__ - INFO - 🧠 Processing embedding batch: 100 items (total processed: 3400)
2025-10-21 05:07:22,675 - __main__ - INFO - 🧠 Processing embedding batch: 100 items (total processed: 3500)
2025-10-21 05:07:22,690 - __main__ - INFO - 🧠 Processing embedding batch: 100 items (total processed: 3600)
2025-10-21 05:07:22,705 - __main__ - INFO - 🧠 Processing embedding batch: 100 items (total processed: 3700)
2025-10-21 05:07:22,720 - __main__ - INFO - 🧠 Processing embedding batch: 100 items (total processed: 3800)
2025-10-21 05:07:22,735 - __main__ - INFO - 🧠 Processing embedding batch: 100 items (total processed: 3900)
2025-10-21 05:07:22,750 - __main__ - INFO - 🧠 Processing embedding batch: 100 items (total processed: 4000)
2025-10-21 05:07:22,765 - __main__ - INFO - 🧠 Processing embedding batch: 100 items (total processed: 4100)
2025-10-21 05:07:22,781 - __main__ - INFO - 🧠 Processing embedding batch: 100 items (total processed: 4200)
2025-10-21 05:07:22,796 - __main__ - INFO - 🧠 Processing embedding batch: 100 items (total processed: 4300)
2025-10-21 05:07:22,814 - __main__ - INFO - 🧠 Processing embedding batch: 100 items (total processed: 4400)
2025-10-21 05:07:22,829 - __main__ - INFO - 🧠 Processing embedding batch: 100 items (total processed: 4500)
2025-10-21 05:07:22,848 - __main__ - INFO - 🧠 Processing embedding batch: 100 items (total processed: 4600)
2025-10-21 05:07:22,863 - __main__ - INFO - 🧠 Processing embedding batch: 100 items (total processed: 4700)
2025-10-21 05:07:22,878 - __main__ - INFO - 🧠 Processing embedding batch: 100 items (total processed: 4800)
2025-10-21 05:07:22,893 - __main__ - INFO - 🧠 Processing embedding batch: 100 items (total processed: 4900)
2025-10-21 05:07:22,908 - __main__ - INFO - 🧠 Processing embedding batch: 100 items (total processed: 5000)
2025-10-21 05:07:22,924 - __main__ - INFO - 🧠 Processing embedding batch: 100 items (total processed: 5100)
2025-10-21 05:07:22,939 - __main__ - INFO - 🧠 Processing embedding batch: 100 items (total processed: 5200)
2025-10-21 05:07:22,955 - __main__ - INFO - 🧠 Processing embedding batch: 100 items (total processed: 5300)
2025-10-21 05:07:22,971 - __main__ - INFO - 🧠 Processing embedding batch: 100 items (total processed: 5400)
2025-10-21 05:07:22,986 - __main__ - INFO - 🧠 Processing embedding batch: 100 items (total processed: 5500)
2025-10-21 05:07:23,001 - __main__ - INFO - 🧠 Processing embedding batch: 100 items (total processed: 5600)
2025-10-21 05:07:23,016 - __main__ - INFO - 🧠 Processing embedding batch: 100 items (total processed: 5700)
2025-10-21 05:07:23,034 - __main__ - INFO - 🧠 Processing embedding batch: 100 items (total processed: 5800)
2025-10-21 05:07:23,050 - __main__ - INFO - 🧠 Processing embedding batch: 100 items (total processed: 5900)
2025-10-21 05:07:23,064 - __main__ - INFO - 🧠 Processing embedding batch: 100 items (total processed: 6000)
2025-10-21 05:07:23,080 - __main__ - INFO - 🧠 Processing embedding batch: 100 items (total processed: 6100)
2025-10-21 05:07:23,095 - __main__ - INFO - 🧠 Processing embedding batch: 100 items (total processed: 6200)
2025-10-21 05:07:23,110 - __main__ - INFO - 🧠 Processing embedding batch: 100 items (total processed: 6300)
2025-10-21 05:07:23,125 - __main__ - INFO - 🧠 Processing embedding batch: 100 items (total processed: 6400)
2025-10-21 05:07:23,141 - __main__ - INFO - 🧠 Processing embedding batch: 100 items (total processed: 6500)
2025-10-21 05:07:23,155 - __main__ - INFO - 🧠 Processing embedding batch: 100 items (total processed: 6600)
2025-10-21 05:07:23,170 - __main__ - INFO - 🧠 Processing embedding batch: 100 items (total processed: 6700)
2025-10-21 05:07:23,185 - __main__ - INFO - 🧠 Processing embedding batch: 100 items (total processed: 6800)
2025-10-21 05:07:23,200 - __main__ - INFO - 🧠 Processing embedding batch: 100 items (total processed: 6900)
2025-10-21 05:07:23,218 - __main__ - INFO - 🧠 Processing embedding batch: 100 items (total processed: 7000)
2025-10-21 05:07:23,234 - __main__ - INFO - 🧠 Processing embedding batch: 100 items (total processed: 7100)
2025-10-21 05:07:23,249 - __main__ - INFO - 🧠 Processing embedding batch: 100 items (total processed: 7200)
2025-10-21 05:07:23,266 - __main__ - INFO - 🧠 Processing embedding batch: 100 items (total processed: 7300)
2025-10-21 05:07:23,281 - __main__ - INFO - 🧠 Processing embedding batch: 100 items (total processed: 7400)
2025-10-21 05:07:23,296 - __main__ - INFO - 🧠 Processing embedding batch: 100 items (total processed: 7500)
2025-10-21 05:07:23,311 - __main__ - INFO - 🧠 Processing embedding batch: 100 items (total processed: 7600)
2025-10-21 05:07:23,326 - __main__ - INFO - 🧠 Processing embedding batch: 100 items (total processed: 7700)
2025-10-21 05:07:23,341 - __main__ - INFO - 🧠 Processing embedding batch: 100 items (total processed: 7800)
2025-10-21 05:07:23,356 - __main__ - INFO - 🧠 Processing embedding batch: 100 items (total processed: 7900)
2025-10-21 05:07:23,371 - __main__ - INFO - 🧠 Processing embedding batch: 100 items (total processed: 8000)
2025-10-21 05:07:23,388 - __main__ - INFO - 🧠 Processing embedding batch: 100 items (total processed: 8100)
2025-10-21 05:07:23,407 - __main__ - INFO - 🧠 Processing embedding batch: 100 items (total processed: 8200)
2025-10-21 05:07:23,423 - __main__ - INFO - 🧠 Processing embedding batch: 100 items (total processed: 8300)
2025-10-21 05:07:23,438 - __main__ - INFO - 🧠 Processing embedding batch: 100 items (total processed: 8400)
2025-10-21 05:07:23,453 - __main__ - INFO - 🧠 Processing embedding batch: 100 items (total processed: 8500)
2025-10-21 05:07:23,468 - __main__ - INFO - 🧠 Processing embedding batch: 100 items (total processed: 8600)
2025-10-21 05:07:23,483 - __main__ - INFO - 🧠 Processing embedding batch: 100 items (total processed: 8700)
2025-10-21 05:07:23,498 - __main__ - INFO - 🧠 Processing embedding batch: 100 items (total processed: 8800)
2025-10-21 05:07:23,513 - __main__ - INFO - 🧠 Processing embedding batch: 100 items (total processed: 8900)
2025-10-21 05:07:23,528 - __main__ - INFO - 🧠 Processing embedding batch: 100 items (total processed: 9000)
2025-10-21 05:07:23,543 - __main__ - INFO - 🧠 Processing embedding batch: 100 items (total processed: 9100)
2025-10-21 05:07:23,558 - __main__ - INFO - 🧠 Processing embedding batch: 100 items (total processed: 9200)
2025-10-21 05:07:23,575 - __main__ - INFO - 🧠 Processing embedding batch: 100 items (total processed: 9300)
2025-10-21 05:07:23,596 - __main__ - INFO - 🧠 Processing embedding batch: 100 items (total processed: 9400)
2025-10-21 05:07:23,611 - __main__ - INFO - 🧠 Processing embedding batch: 100 items (total processed: 9500)
2025-10-21 05:07:23,625 - __main__ - INFO - 🧠 Processing embedding batch: 100 items (total processed: 9600)
2025-10-21 05:07:23,640 - __main__ - INFO - 🧠 Processing embedding batch: 100 items (total processed: 9700)
2025-10-21 05:07:23,655 - __main__ - INFO - 🧠 Processing embedding batch: 100 items (total processed: 9800)
2025-10-21 05:07:23,670 - __main__ - INFO - 🧠 Processing embedding batch: 100 items (total processed: 9900)
2025-10-21 05:07:23,685 - __main__ - INFO - 🧠 Processing embedding batch: 100 items (total processed: 10000)
2025-10-21 05:07:23,700 - __main__ - INFO - 🧠 Processing embedding batch: 100 items (total processed: 10100)
2025-10-21 05:07:23,715 - __main__ - INFO - 🧠 Processing embedding batch: 100 items (total processed: 10200)
2025-10-21 05:07:23,731 - __main__ - INFO - 🧠 Processing embedding batch: 100 items (total processed: 10300)
2025-10-21 05:07:23,746 - __main__ - INFO - 🧠 Processing embedding batch: 100 items (total processed: 10400)
2025-10-21 05:07:23,800 - __main__ - INFO - 🧠 Processing embedding batch: 100 items (total processed: 10500)
2025-10-21 05:07:23,853 - __main__ - INFO - 🧠 Processing embedding batch: 100 items (total processed: 10600)
2025-10-21 05:07:23,873 - __main__ - INFO - 🧠 Processing embedding batch: 100 items (total processed: 10700)
2025-10-21 05:07:23,892 - __main__ - INFO - 🧠 Processing embedding batch: 100 items (total processed: 10800)
2025-10-21 05:07:23,909 - __main__ - INFO - 🧠 Processing embedding batch: 100 items (total processed: 10900)
2025-10-21 05:07:23,927 - __main__ - INFO - 🧠 Processing embedding batch: 100 items (total processed: 11000)
2025-10-21 05:07:23,943 - __main__ - INFO - 🧠 Processing embedding batch: 100 items (total processed: 11100)
2025-10-21 05:07:23,961 - __main__ - INFO - 🧠 Processing embedding batch: 100 items (total processed: 11200)
2025-10-21 05:07:23,976 - __main__ - INFO - 🧠 Processing embedding batch: 100 items (total processed: 11300)
2025-10-21 05:07:23,990 - __main__ - INFO - 🧠 Processing embedding batch: 100 items (total processed: 11400)
2025-10-21 05:07:24,006 - __main__ - INFO - 🧠 Processing embedding batch: 100 items (total processed: 11500)
2025-10-21 05:07:24,021 - __main__ - INFO - 🧠 Processing embedding batch: 100 items (total processed: 11600)
2025-10-21 05:07:24,036 - __main__ - INFO - 🧠 Processing embedding batch: 100 items (total processed: 11700)
2025-10-21 05:07:24,055 - __main__ - INFO - 🧠 Processing embedding batch: 100 items (total processed: 11800)
2025-10-21 05:07:24,070 - __main__ - INFO - 🧠 Processing embedding batch: 100 items (total processed: 11900)
2025-10-21 05:07:24,085 - __main__ - INFO - 🧠 Processing embedding batch: 100 items (total processed: 12000)
2025-10-21 05:07:24,100 - __main__ - INFO - 🧠 Processing embedding batch: 100 items (total processed: 12100)
2025-10-21 05:07:24,115 - __main__ - INFO - 🧠 Processing embedding batch: 100 items (total processed: 12200)
2025-10-21 05:07:24,130 - __main__ - INFO - 🧠 Processing embedding batch: 100 items (total processed: 12300)
2025-10-21 05:07:24,147 - __main__ - INFO - 🧠 Processing embedding batch: 100 items (total processed: 12400)
2025-10-21 05:07:24,163 - __main__ - INFO - 🧠 Processing embedding batch: 100 items (total processed: 12500)
2025-10-21 05:07:24,178 - __main__ - INFO - 🧠 Processing embedding batch: 100 items (total processed: 12600)
2025-10-21 05:07:24,193 - __main__ - INFO - 🧠 Processing embedding batch: 100 items (total processed: 12700)
2025-10-21 05:07:24,208 - __main__ - INFO - 🧠 Processing embedding batch: 100 items (total processed: 12800)
2025-10-21 05:07:24,223 - __main__ - INFO - 🧠 Processing embedding batch: 100 items (total processed: 12900)
2025-10-21 05:07:24,242 - __main__ - INFO - 🧠 Processing embedding batch: 100 items (total processed: 13000)
2025-10-21 05:07:24,257 - __main__ - INFO - 🧠 Processing embedding batch: 100 items (total processed: 13100)
2025-10-21 05:07:24,271 - __main__ - INFO - 🧠 Processing embedding batch: 100 items (total processed: 13200)
2025-10-21 05:07:24,285 - __main__ - INFO - 🧠 Processing embedding batch: 100 items (total processed: 13300)
2025-10-21 05:07:24,300 - __main__ - INFO - 🧠 Processing embedding batch: 100 items (total processed: 13400)
2025-10-21 05:07:24,315 - __main__ - INFO - 🧠 Processing embedding batch: 100 items (total processed: 13500)
2025-10-21 05:07:24,331 - __main__ - INFO - 🧠 Processing embedding batch: 100 items (total processed: 13600)
2025-10-21 05:07:24,347 - __main__ - INFO - 🧠 Processing embedding batch: 100 items (total processed: 13700)
2025-10-21 05:07:24,362 - __main__ - INFO - 🧠 Processing embedding batch: 100 items (total processed: 13800)
2025-10-21 05:07:24,377 - __main__ - INFO - 🧠 Processing embedding batch: 100 items (total processed: 13900)
2025-10-21 05:07:24,390 - __main__ - INFO - 🧠 Processing embedding batch: 100 items (total processed: 14000)
2025-10-21 05:07:24,405 - __main__ - INFO - 🧠 Processing embedding batch: 100 items (total processed: 14100)
2025-10-21 05:07:24,424 - __main__ - INFO - 🧠 Processing embedding batch: 100 items (total processed: 14200)
2025-10-21 05:07:24,438 - __main__ - INFO - 🧠 Processing embedding batch: 100 items (total processed: 14300)
2025-10-21 05:07:24,455 - __main__ - INFO - 🧠 Processing embedding batch: 100 items (total processed: 14400)
2025-10-21 05:07:24,470 - __main__ - INFO - 🧠 Processing embedding batch: 100 items (total processed: 14500)
2025-10-21 05:07:24,485 - __main__ - INFO - 🧠 Processing embedding batch: 100 items (total processed: 14600)
2025-10-21 05:07:24,500 - __main__ - INFO - 🧠 Processing embedding batch: 100 items (total processed: 14700)
2025-10-21 05:07:24,515 - __main__ - INFO - 🧠 Processing embedding batch: 100 items (total processed: 14800)
2025-10-21 05:07:24,530 - __main__ - INFO - 🧠 Processing embedding batch: 100 items (total processed: 14900)
2025-10-21 05:07:24,544 - __main__ - INFO - 🧠 Processing embedding batch: 100 items (total processed: 15000)
2025-10-21 05:07:24,559 - __main__ - INFO - 🧠 Processing embedding batch: 100 items (total processed: 15100)
2025-10-21 05:07:24,574 - __main__ - INFO - 🧠 Processing embedding batch: 100 items (total processed: 15200)
2025-10-21 05:07:24,590 - __main__ - INFO - 🧠 Processing embedding batch: 100 items (total processed: 15300)
2025-10-21 05:07:24,609 - __main__ - INFO - 🧠 Processing embedding batch: 100 items (total processed: 15400)
2025-10-21 05:07:24,625 - __main__ - INFO - 🧠 Processing embedding batch: 100 items (total processed: 15500)
2025-10-21 05:07:24,641 - __main__ - INFO - 🧠 Processing embedding batch: 100 items (total processed: 15600)
2025-10-21 05:07:24,656 - __main__ - INFO - 🧠 Processing embedding batch: 100 items (total processed: 15700)
2025-10-21 05:07:24,671 - __main__ - INFO - 🧠 Processing embedding batch: 100 items (total processed: 15800)
2025-10-21 05:07:24,686 - __main__ - INFO - 🧠 Processing embedding batch: 100 items (total processed: 15900)
2025-10-21 05:07:24,701 - __main__ - INFO - 🧠 Processing embedding batch: 100 items (total processed: 16000)
2025-10-21 05:07:24,716 - __main__ - INFO - 🧠 Processing embedding batch: 100 items (total processed: 16100)
2025-10-21 05:07:24,731 - __main__ - INFO - 🧠 Processing embedding batch: 100 items (total processed: 16200)
2025-10-21 05:07:24,745 - __main__ - INFO - 🧠 Processing embedding batch: 100 items (total processed: 16300)
2025-10-21 05:07:24,760 - __main__ - INFO - 🧠 Processing embedding batch: 100 items (total processed: 16400)
2025-10-21 05:07:24,775 - __main__ - INFO - 🧠 Processing embedding batch: 100 items (total processed: 16500)
2025-10-21 05:07:24,794 - __main__ - INFO - 🧠 Processing embedding batch: 100 items (total processed: 16600)
2025-10-21 05:07:24,810 - __main__ - INFO - 🧠 Processing embedding batch: 100 items (total processed: 16700)
2025-10-21 05:07:24,826 - __main__ - INFO - 🧠 Processing embedding batch: 100 items (total processed: 16800)
2025-10-21 05:07:24,840 - __main__ - INFO - 🧠 Processing embedding batch: 100 items (total processed: 16900)
2025-10-21 05:07:24,856 - __main__ - INFO - 🧠 Processing embedding batch: 100 items (total processed: 17000)
2025-10-21 05:07:24,870 - __main__ - INFO - 🧠 Processing embedding batch: 100 items (total processed: 17100)
2025-10-21 05:07:24,886 - __main__ - INFO - 🧠 Processing embedding batch: 100 items (total processed: 17200)
2025-10-21 05:07:24,901 - __main__ - INFO - 🧠 Processing embedding batch: 100 items (total processed: 17300)
2025-10-21 05:07:24,916 - __main__ - INFO - 🧠 Processing embedding batch: 100 items (total processed: 17400)
2025-10-21 05:07:24,931 - __main__ - INFO - 🧠 Processing embedding batch: 100 items (total processed: 17500)
2025-10-21 05:07:24,946 - __main__ - INFO - 🧠 Processing embedding batch: 100 items (total processed: 17600)
2025-10-21 05:07:24,961 - __main__ - INFO - 🧠 Processing embedding batch: 100 items (total processed: 17700)
2025-10-21 05:07:24,979 - __main__ - INFO - 🧠 Processing embedding batch: 100 items (total processed: 17800)
2025-10-21 05:07:24,995 - __main__ - INFO - 🧠 Processing embedding batch: 100 items (total processed: 17900)
2025-10-21 05:07:25,012 - __main__ - INFO - 🧠 Processing embedding batch: 100 items (total processed: 18000)
2025-10-21 05:07:25,027 - __main__ - INFO - 🧠 Processing embedding batch: 100 items (total processed: 18100)
2025-10-21 05:07:25,041 - __main__ - INFO - 🧠 Processing embedding batch: 100 items (total processed: 18200)
2025-10-21 05:07:25,057 - __main__ - INFO - 🧠 Processing embedding batch: 100 items (total processed: 18300)
2025-10-21 05:07:25,071 - __main__ - INFO - 🧠 Processing embedding batch: 100 items (total processed: 18400)
2025-10-21 05:07:25,086 - __main__ - INFO - 🧠 Processing embedding batch: 100 items (total processed: 18500)
2025-10-21 05:07:25,101 - __main__ - INFO - 🧠 Processing embedding batch: 100 items (total processed: 18600)
2025-10-21 05:07:25,116 - __main__ - INFO - 🧠 Processing embedding batch: 100 items (total processed: 18700)
2025-10-21 05:07:25,131 - __main__ - INFO - 🧠 Processing embedding batch: 100 items (total processed: 18800)
2025-10-21 05:07:25,147 - __main__ - INFO - 🧠 Processing embedding batch: 100 items (total processed: 18900)
2025-10-21 05:07:25,166 - __main__ - INFO - 🧠 Processing embedding batch: 100 items (total processed: 19000)
2025-10-21 05:07:25,181 - __main__ - INFO - 🧠 Processing embedding batch: 100 items (total processed: 19100)
2025-10-21 05:07:25,195 - __main__ - INFO - 🧠 Processing embedding batch: 100 items (total processed: 19200)
2025-10-21 05:07:25,211 - __main__ - INFO - 🧠 Processing embedding batch: 100 items (total processed: 19300)
2025-10-21 05:07:25,226 - __main__ - INFO - 🧠 Processing embedding batch: 100 items (total processed: 19400)
2025-10-21 05:07:25,241 - __main__ - INFO - 🧠 Processing embedding batch: 100 items (total processed: 19500)
2025-10-21 05:07:25,256 - __main__ - INFO - 🧠 Processing embedding batch: 100 items (total processed: 19600)
2025-10-21 05:07:25,271 - __main__ - INFO - 🧠 Processing embedding batch: 100 items (total processed: 19700)
2025-10-21 05:07:25,286 - __main__ - INFO - 🧠 Processing embedding batch: 100 items (total processed: 19800)
2025-10-21 05:07:25,303 - __main__ - INFO - 🧠 Processing embedding batch: 100 items (total processed: 19900)
2025-10-21 05:07:25,318 - __main__ - INFO - 🧠 Processing embedding batch: 100 items (total processed: 20000)
2025-10-21 05:07:25,334 - __main__ - INFO - 🧠 Processing embedding batch: 100 items (total processed: 20100)
2025-10-21 05:07:25,352 - __main__ - INFO - 🧠 Processing embedding batch: 100 items (total processed: 20200)
2025-10-21 05:07:25,366 - __main__ - INFO - 🧠 Processing embedding batch: 100 items (total processed: 20300)
2025-10-21 05:07:25,381 - __main__ - INFO - 🧠 Processing embedding batch: 100 items (total processed: 20400)
2025-10-21 05:07:25,396 - __main__ - INFO - 🧠 Processing embedding batch: 100 items (total processed: 20500)
2025-10-21 05:07:25,411 - __main__ - INFO - 🧠 Processing embedding batch: 100 items (total processed: 20600)
2025-10-21 05:07:25,426 - __main__ - INFO - 🧠 Processing embedding batch: 100 items (total processed: 20700)
2025-10-21 05:07:25,441 - __main__ - INFO - 🧠 Processing embedding batch: 100 items (total processed: 20800)
2025-10-21 05:07:25,456 - __main__ - INFO - 🧠 Processing embedding batch: 100 items (total processed: 20900)
2025-10-21 05:07:25,472 - __main__ - INFO - 🧠 Processing embedding batch: 100 items (total processed: 21000)
2025-10-21 05:07:25,487 - __main__ - INFO - 🧠 Processing embedding batch: 100 items (total processed: 21100)
2025-10-21 05:07:25,501 - __main__ - INFO - 🧠 Processing embedding batch: 100 items (total processed: 21200)
2025-10-21 05:07:25,516 - __main__ - INFO - 🧠 Processing embedding batch: 100 items (total processed: 21300)
2025-10-21 05:07:25,535 - __main__ - INFO - 🧠 Processing embedding batch: 100 items (total processed: 21400)
2025-10-21 05:07:25,550 - __main__ - INFO - 🧠 Processing embedding batch: 100 items (total processed: 21500)
2025-10-21 05:07:25,565 - __main__ - INFO - 🧠 Processing embedding batch: 100 items (total processed: 21600)
2025-10-21 05:07:25,580 - __main__ - INFO - 🧠 Processing embedding batch: 100 items (total processed: 21700)
2025-10-21 05:07:25,595 - __main__ - INFO - 🧠 Processing embedding batch: 100 items (total processed: 21800)
2025-10-21 05:07:25,611 - __main__ - INFO - 🧠 Processing embedding batch: 100 items (total processed: 21900)
2025-10-21 05:07:25,627 - __main__ - INFO - 🧠 Processing embedding batch: 100 items (total processed: 22000)
2025-10-21 05:07:25,642 - __main__ - INFO - 🧠 Processing embedding batch: 100 items (total processed: 22100)
2025-10-21 05:07:25,657 - __main__ - INFO - 🧠 Processing embedding batch: 100 items (total processed: 22200)
2025-10-21 05:07:25,672 - __main__ - INFO - 🧠 Processing embedding batch: 100 items (total processed: 22300)
2025-10-21 05:07:25,688 - __main__ - INFO - 🧠 Processing embedding batch: 100 items (total processed: 22400)
2025-10-21 05:07:25,704 - __main__ - INFO - 🧠 Processing embedding batch: 100 items (total processed: 22500)
2025-10-21 05:07:25,722 - __main__ - INFO - 🧠 Processing embedding batch: 100 items (total processed: 22600)
2025-10-21 05:07:25,738 - __main__ - INFO - 🧠 Processing embedding batch: 100 items (total processed: 22700)
2025-10-21 05:07:25,754 - __main__ - INFO - 🧠 Processing embedding batch: 100 items (total processed: 22800)
2025-10-21 05:07:25,771 - __main__ - INFO - 🧠 Processing embedding batch: 100 items (total processed: 22900)
2025-10-21 05:07:25,787 - __main__ - INFO - 🧠 Processing embedding batch: 100 items (total processed: 23000)
2025-10-21 05:07:25,801 - __main__ - INFO - 🧠 Processing embedding batch: 100 items (total processed: 23100)
2025-10-21 05:07:25,816 - __main__ - INFO - 🧠 Processing embedding batch: 100 items (total processed: 23200)
2025-10-21 05:07:25,831 - __main__ - INFO - 🧠 Processing embedding batch: 100 items (total processed: 23300)
2025-10-21 05:07:25,846 - __main__ - INFO - 🧠 Processing embedding batch: 100 items (total processed: 23400)
2025-10-21 05:07:25,861 - __main__ - INFO - 🧠 Processing embedding batch: 100 items (total processed: 23500)
2025-10-21 05:07:25,876 - __main__ - INFO - 🧠 Processing embedding batch: 100 items (total processed: 23600)
2025-10-21 05:07:25,891 - __main__ - INFO - 🧠 Processing embedding batch: 100 items (total processed: 23700)
2025-10-21 05:07:25,910 - __main__ - INFO - 🧠 Processing embedding batch: 100 items (total processed: 23800)
2025-10-21 05:07:25,925 - __main__ - INFO - 🧠 Processing embedding batch: 100 items (total processed: 23900)
2025-10-21 05:07:25,940 - __main__ - INFO - 🧠 Processing embedding batch: 100 items (total processed: 24000)
2025-10-21 05:07:25,955 - __main__ - INFO - 🧠 Processing embedding batch: 100 items (total processed: 24100)
2025-10-21 05:07:25,970 - __main__ - INFO - 🧠 Processing embedding batch: 100 items (total processed: 24200)
2025-10-21 05:07:25,985 - __main__ - INFO - 🧠 Processing embedding batch: 100 items (total processed: 24300)
2025-10-21 05:07:26,001 - __main__ - INFO - 🧠 Processing embedding batch: 100 items (total processed: 24400)
2025-10-21 05:07:26,016 - __main__ - INFO - 🧠 Processing embedding batch: 100 items (total processed: 24500)
2025-10-21 05:07:26,031 - __main__ - INFO - 🧠 Processing embedding batch: 100 items (total processed: 24600)
2025-10-21 05:07:26,047 - __main__ - INFO - 🧠 Processing embedding batch: 100 items (total processed: 24700)
2025-10-21 05:07:26,062 - __main__ - INFO - 🧠 Processing embedding batch: 100 items (total processed: 24800)
2025-10-21 05:07:26,078 - __main__ - INFO - 🧠 Processing embedding batch: 100 items (total processed: 24900)
2025-10-21 05:07:26,097 - __main__ - INFO - 🧠 Processing embedding batch: 100 items (total processed: 25000)
2025-10-21 05:07:26,112 - __main__ - INFO - 🧠 Processing embedding batch: 100 items (total processed: 25100)
2025-10-21 05:07:26,127 - __main__ - INFO - 🧠 Processing embedding batch: 100 items (total processed: 25200)
2025-10-21 05:07:26,142 - __main__ - INFO - 🧠 Processing embedding batch: 100 items (total processed: 25300)
2025-10-21 05:07:26,157 - __main__ - INFO - 🧠 Processing embedding batch: 100 items (total processed: 25400)
2025-10-21 05:07:26,172 - __main__ - INFO - 🧠 Processing embedding batch: 100 items (total processed: 25500)
2025-10-21 05:07:26,186 - __main__ - INFO - 🧠 Processing embedding batch: 100 items (total processed: 25600)
2025-10-21 05:07:26,202 - __main__ - INFO - 🧠 Processing embedding batch: 100 items (total processed: 25700)
2025-10-21 05:07:26,217 - __main__ - INFO - 🧠 Processing embedding batch: 100 items (total processed: 25800)
2025-10-21 05:07:26,233 - __main__ - INFO - 🧠 Processing embedding batch: 100 items (total processed: 25900)
2025-10-21 05:07:26,247 - __main__ - INFO - 🧠 Processing embedding batch: 100 items (total processed: 26000)
2025-10-21 05:07:26,262 - __main__ - INFO - 🧠 Processing embedding batch: 100 items (total processed: 26100)
2025-10-21 05:07:26,281 - __main__ - INFO - 🧠 Processing embedding batch: 100 items (total processed: 26200)
2025-10-21 05:07:26,296 - __main__ - INFO - 🧠 Processing embedding batch: 100 items (total processed: 26300)
2025-10-21 05:07:26,311 - __main__ - INFO - 🧠 Processing embedding batch: 100 items (total processed: 26400)
2025-10-21 05:07:26,326 - __main__ - INFO - 🧠 Processing embedding batch: 100 items (total processed: 26500)
2025-10-21 05:07:26,341 - __main__ - INFO - 🧠 Processing embedding batch: 100 items (total processed: 26600)
2025-10-21 05:07:26,357 - __main__ - INFO - 🧠 Processing embedding batch: 100 items (total processed: 26700)
2025-10-21 05:07:26,372 - __main__ - INFO - 🧠 Processing embedding batch: 100 items (total processed: 26800)
2025-10-21 05:07:26,387 - __main__ - INFO - 🧠 Processing embedding batch: 100 items (total processed: 26900)
2025-10-21 05:07:26,402 - __main__ - INFO - 🧠 Processing embedding batch: 100 items (total processed: 27000)
2025-10-21 05:07:26,417 - __main__ - INFO - 🧠 Processing embedding batch: 100 items (total processed: 27100)
2025-10-21 05:07:26,431 - __main__ - INFO - 🧠 Processing embedding batch: 100 items (total processed: 27200)
2025-10-21 05:07:26,446 - __main__ - INFO - 🧠 Processing embedding batch: 100 items (total processed: 27300)
2025-10-21 05:07:26,465 - __main__ - INFO - 🧠 Processing embedding batch: 100 items (total processed: 27400)
2025-10-21 05:07:26,480 - __main__ - INFO - 🧠 Processing embedding batch: 100 items (total processed: 27500)
2025-10-21 05:07:26,496 - __main__ - INFO - 🧠 Processing embedding batch: 100 items (total processed: 27600)
2025-10-21 05:07:26,511 - __main__ - INFO - 🧠 Processing embedding batch: 100 items (total processed: 27700)
2025-10-21 05:07:26,526 - __main__ - INFO - 🧠 Processing embedding batch: 100 items (total processed: 27800)
2025-10-21 05:07:26,541 - __main__ - INFO - 🧠 Processing embedding batch: 100 items (total processed: 27900)
2025-10-21 05:07:26,556 - __main__ - INFO - 🧠 Processing embedding batch: 100 items (total processed: 28000)
2025-10-21 05:07:26,571 - __main__ - INFO - 🧠 Processing embedding batch: 100 items (total processed: 28100)
2025-10-21 05:07:26,587 - __main__ - INFO - 🧠 Processing embedding batch: 100 items (total processed: 28200)
2025-10-21 05:07:26,602 - __main__ - INFO - 🧠 Processing embedding batch: 100 items (total processed: 28300)
2025-10-21 05:07:26,617 - __main__ - INFO - 🧠 Processing embedding batch: 100 items (total processed: 28400)
2025-10-21 05:07:26,633 - __main__ - INFO - 🧠 Processing embedding batch: 100 items (total processed: 28500)
2025-10-21 05:07:26,653 - __main__ - INFO - 🧠 Processing embedding batch: 100 items (total processed: 28600)
2025-10-21 05:07:26,669 - __main__ - INFO - 🧠 Processing embedding batch: 100 items (total processed: 28700)
2025-10-21 05:07:26,684 - __main__ - INFO - 🧠 Processing embedding batch: 100 items (total processed: 28800)
2025-10-21 05:07:26,699 - __main__ - INFO - 🧠 Processing embedding batch: 100 items (total processed: 28900)
2025-10-21 05:07:26,714 - __main__ - INFO - 🧠 Processing embedding batch: 100 items (total processed: 29000)
2025-10-21 05:07:26,730 - __main__ - INFO - 🧠 Processing embedding batch: 100 items (total processed: 29100)
2025-10-21 05:07:26,745 - __main__ - INFO - 🧠 Processing embedding batch: 100 items (total processed: 29200)
2025-10-21 05:07:26,760 - __main__ - INFO - 🧠 Processing embedding batch: 100 items (total processed: 29300)
2025-10-21 05:07:26,777 - __main__ - INFO - 🧠 Processing embedding batch: 100 items (total processed: 29400)
2025-10-21 05:07:26,792 - __main__ - INFO - 🧠 Processing embedding batch: 100 items (total processed: 29500)
2025-10-21 05:07:26,807 - __main__ - INFO - 🧠 Processing embedding batch: 100 items (total processed: 29600)
2025-10-21 05:07:26,822 - __main__ - INFO - 🧠 Processing embedding batch: 100 items (total processed: 29700)
2025-10-21 05:07:26,841 - __main__ - INFO - 🧠 Processing embedding batch: 100 items (total processed: 29800)
2025-10-21 05:07:26,856 - __main__ - INFO - 🧠 Processing embedding batch: 100 items (total processed: 29900)
2025-10-21 05:07:26,871 - __main__ - INFO - 🧠 Processing embedding batch: 100 items (total processed: 30000)
2025-10-21 05:07:26,886 - __main__ - INFO - 🧠 Processing embedding batch: 100 items (total processed: 30100)
2025-10-21 05:07:26,901 - __main__ - INFO - 🧠 Processing embedding batch: 100 items (total processed: 30200)
2025-10-21 05:07:26,917 - __main__ - INFO - 🧠 Processing embedding batch: 100 items (total processed: 30300)
2025-10-21 05:07:26,933 - __main__ - INFO - 🧠 Processing embedding batch: 100 items (total processed: 30400)
2025-10-21 05:07:26,947 - __main__ - INFO - 🧠 Processing embedding batch: 100 items (total processed: 30500)
2025-10-21 05:07:26,963 - __main__ - INFO - 🧠 Processing embedding batch: 100 items (total processed: 30600)
2025-10-21 05:07:26,977 - __main__ - INFO - 🧠 Processing embedding batch: 100 items (total processed: 30700)
2025-10-21 05:07:26,992 - __main__ - INFO - 🧠 Processing embedding batch: 100 items (total processed: 30800)
2025-10-21 05:07:27,007 - __main__ - INFO - 🧠 Processing embedding batch: 100 items (total processed: 30900)
2025-10-21 05:07:27,026 - __main__ - INFO - 🧠 Processing embedding batch: 100 items (total processed: 31000)
2025-10-21 05:07:27,041 - __main__ - INFO - 🧠 Processing embedding batch: 100 items (total processed: 31100)
2025-10-21 05:07:27,056 - __main__ - INFO - 🧠 Processing embedding batch: 100 items (total processed: 31200)
2025-10-21 05:07:27,072 - __main__ - INFO - 🧠 Processing embedding batch: 100 items (total processed: 31300)
2025-10-21 05:07:27,087 - __main__ - INFO - 🧠 Processing embedding batch: 100 items (total processed: 31400)
2025-10-21 05:07:27,102 - __main__ - INFO - 🧠 Processing embedding batch: 100 items (total processed: 31500)
2025-10-21 05:07:27,117 - __main__ - INFO - 🧠 Processing embedding batch: 100 items (total processed: 31600)
2025-10-21 05:07:27,131 - __main__ - INFO - 🧠 Processing embedding batch: 100 items (total processed: 31700)
2025-10-21 05:07:27,146 - __main__ - INFO - 🧠 Processing embedding batch: 100 items (total processed: 31800)
2025-10-21 05:07:27,161 - __main__ - INFO - 🧠 Processing embedding batch: 100 items (total processed: 31900)
2025-10-21 05:07:27,176 - __main__ - INFO - 🧠 Processing embedding batch: 100 items (total processed: 32000)
2025-10-21 05:07:27,191 - __main__ - INFO - 🧠 Processing embedding batch: 100 items (total processed: 32100)
2025-10-21 05:07:27,211 - __main__ - INFO - 🧠 Processing embedding batch: 100 items (total processed: 32200)
2025-10-21 05:07:27,226 - __main__ - INFO - 🧠 Processing embedding batch: 100 items (total processed: 32300)
2025-10-21 05:07:27,241 - __main__ - INFO - 🧠 Processing embedding batch: 100 items (total processed: 32400)
2025-10-21 05:07:27,256 - __main__ - INFO - 🧠 Processing embedding batch: 100 items (total processed: 32500)
2025-10-21 05:07:27,271 - __main__ - INFO - 🧠 Processing embedding batch: 100 items (total processed: 32600)
2025-10-21 05:07:27,286 - __main__ - INFO - 🧠 Processing embedding batch: 100 items (total processed: 32700)
2025-10-21 05:07:27,301 - __main__ - INFO - 🧠 Processing embedding batch: 100 items (total processed: 32800)
2025-10-21 05:07:27,315 - __main__ - INFO - 🧠 Processing embedding batch: 100 items (total processed: 32900)
2025-10-21 05:07:27,332 - __main__ - INFO - 🧠 Processing embedding batch: 100 items (total processed: 33000)
2025-10-21 05:07:27,346 - __main__ - INFO - 🧠 Processing embedding batch: 100 items (total processed: 33100)
2025-10-21 05:07:27,360 - __main__ - INFO - 🧠 Processing embedding batch: 100 items (total processed: 33200)
2025-10-21 05:07:27,375 - __main__ - INFO - 🧠 Processing embedding batch: 100 items (total processed: 33300)
2025-10-21 05:07:27,394 - __main__ - INFO - 🧠 Processing embedding batch: 100 items (total processed: 33400)
2025-10-21 05:07:27,409 - __main__ - INFO - 🧠 Processing embedding batch: 100 items (total processed: 33500)
2025-10-21 05:07:27,424 - __main__ - INFO - 🧠 Processing embedding batch: 100 items (total processed: 33600)
2025-10-21 05:07:27,439 - __main__ - INFO - 🧠 Processing embedding batch: 100 items (total processed: 33700)
2025-10-21 05:07:27,454 - __main__ - INFO - 🧠 Processing embedding batch: 100 items (total processed: 33800)
2025-10-21 05:07:27,472 - __main__ - INFO - 🧠 Processing embedding batch: 100 items (total processed: 33900)
2025-10-21 05:07:27,488 - __main__ - INFO - 🧠 Processing embedding batch: 100 items (total processed: 34000)
2025-10-21 05:07:27,505 - __main__ - INFO - 🧠 Processing embedding batch: 100 items (total processed: 34100)
2025-10-21 05:07:27,521 - __main__ - INFO - 🧠 Processing embedding batch: 100 items (total processed: 34200)
2025-10-21 05:07:27,538 - __main__ - INFO - 🧠 Processing embedding batch: 100 items (total processed: 34300)
2025-10-21 05:07:27,555 - __main__ - INFO - 🧠 Processing embedding batch: 100 items (total processed: 34400)
2025-10-21 05:07:27,571 - __main__ - INFO - 🧠 Processing embedding batch: 100 items (total processed: 34500)
2025-10-21 05:07:27,590 - __main__ - INFO - 🧠 Processing embedding batch: 100 items (total processed: 34600)
2025-10-21 05:07:27,607 - __main__ - INFO - 🧠 Processing embedding batch: 100 items (total processed: 34700)
2025-10-21 05:07:27,624 - __main__ - INFO - 🧠 Processing embedding batch: 100 items (total processed: 34800)
2025-10-21 05:07:27,640 - __main__ - INFO - 🧠 Processing embedding batch: 100 items (total processed: 34900)
2025-10-21 05:07:27,656 - __main__ - INFO - 🧠 Processing embedding batch: 100 items (total processed: 35000)
2025-10-21 05:07:27,672 - __main__ - INFO - 🧠 Processing embedding batch: 100 items (total processed: 35100)
2025-10-21 05:07:27,688 - __main__ - INFO - 🧠 Processing embedding batch: 100 items (total processed: 35200)
2025-10-21 05:07:27,704 - __main__ - INFO - 🧠 Processing embedding batch: 100 items (total processed: 35300)
2025-10-21 05:07:27,720 - __main__ - INFO - 🧠 Processing embedding batch: 100 items (total processed: 35400)
2025-10-21 05:07:27,736 - __main__ - INFO - 🧠 Processing embedding batch: 100 items (total processed: 35500)
2025-10-21 05:07:27,753 - __main__ - INFO - 🧠 Processing embedding batch: 100 items (total processed: 35600)
2025-10-21 05:07:27,770 - __main__ - INFO - 🧠 Processing embedding batch: 100 items (total processed: 35700)
2025-10-21 05:07:27,790 - __main__ - INFO - 🧠 Processing embedding batch: 100 items (total processed: 35800)
2025-10-21 05:07:28,293 - __main__ - INFO - 🧠 Processing embedding batch: 100 items (total processed: 35900)
2025-10-21 05:07:28,309 - __main__ - INFO - 🧠 Processing embedding batch: 100 items (total processed: 36000)
2025-10-21 05:07:28,323 - __main__ - INFO - 🧠 Processing embedding batch: 100 items (total processed: 36100)
2025-10-21 05:07:28,338 - __main__ - INFO - 🧠 Processing embedding batch: 100 items (total processed: 36200)
2025-10-21 05:07:28,354 - __main__ - INFO - 🧠 Processing embedding batch: 100 items (total processed: 36300)
2025-10-21 05:07:28,369 - __main__ - INFO - 🧠 Processing embedding batch: 100 items (total processed: 36400)
2025-10-21 05:07:28,384 - __main__ - INFO - 🧠 Processing embedding batch: 100 items (total processed: 36500)
2025-10-21 05:07:28,399 - __main__ - INFO - 🧠 Processing embedding batch: 100 items (total processed: 36600)
2025-10-21 05:07:28,414 - __main__ - INFO - 🧠 Processing embedding batch: 100 items (total processed: 36700)
2025-10-21 05:07:28,430 - __main__ - INFO - 🧠 Processing embedding batch: 100 items (total processed: 36800)
2025-10-21 05:07:28,445 - __main__ - INFO - 🧠 Processing embedding batch: 100 items (total processed: 36900)
2025-10-21 05:07:28,462 - __main__ - INFO - 🧠 Processing embedding batch: 100 items (total processed: 37000)
2025-10-21 05:07:28,481 - __main__ - INFO - 🧠 Processing embedding batch: 100 items (total processed: 37100)
2025-10-21 05:07:28,496 - __main__ - INFO - 🧠 Processing embedding batch: 100 items (total processed: 37200)
2025-10-21 05:07:28,512 - __main__ - INFO - 🧠 Processing embedding batch: 100 items (total processed: 37300)
2025-10-21 05:07:28,527 - __main__ - INFO - 🧠 Processing embedding batch: 100 items (total processed: 37400)
2025-10-21 05:07:28,542 - __main__ - INFO - 🧠 Processing embedding batch: 100 items (total processed: 37500)
2025-10-21 05:07:28,557 - __main__ - INFO - 🧠 Processing embedding batch: 100 items (total processed: 37600)
2025-10-21 05:07:28,572 - __main__ - INFO - 🧠 Processing embedding batch: 100 items (total processed: 37700)
2025-10-21 05:07:28,587 - __main__ - INFO - 🧠 Processing embedding batch: 100 items (total processed: 37800)
2025-10-21 05:07:28,603 - __main__ - INFO - 🧠 Processing embedding batch: 100 items (total processed: 37900)
2025-10-21 05:07:28,618 - __main__ - INFO - 🧠 Processing embedding batch: 100 items (total processed: 38000)
2025-10-21 05:07:28,634 - __main__ - INFO - 🧠 Processing embedding batch: 100 items (total processed: 38100)
2025-10-21 05:07:28,651 - __main__ - INFO - 🧠 Processing embedding batch: 100 items (total processed: 38200)
2025-10-21 05:07:28,670 - __main__ - INFO - 🧠 Processing embedding batch: 100 items (total processed: 38300)
2025-10-21 05:07:28,685 - __main__ - INFO - 🧠 Processing embedding batch: 100 items (total processed: 38400)
2025-10-21 05:07:28,700 - __main__ - INFO - 🧠 Processing embedding batch: 100 items (total processed: 38500)
2025-10-21 05:07:28,715 - __main__ - INFO - 🧠 Processing embedding batch: 100 items (total processed: 38600)
2025-10-21 05:07:28,731 - __main__ - INFO - 🧠 Processing embedding batch: 100 items (total processed: 38700)
2025-10-21 05:07:28,746 - __main__ - INFO - 🧠 Processing embedding batch: 100 items (total processed: 38800)
2025-10-21 05:07:28,761 - __main__ - INFO - 🧠 Processing embedding batch: 100 items (total processed: 38900)
2025-10-21 05:07:28,790 - __main__ - INFO - 🧠 Processing embedding batch: 100 items (total processed: 39000)
2025-10-21 05:07:28,806 - __main__ - INFO - 🧠 Processing embedding batch: 100 items (total processed: 39100)
2025-10-21 05:07:28,821 - __main__ - INFO - 🧠 Processing embedding batch: 100 items (total processed: 39200)
2025-10-21 05:07:28,838 - __main__ - INFO - 🧠 Processing embedding batch: 100 items (total processed: 39300)
2025-10-21 05:07:28,854 - __main__ - INFO - 🧠 Processing embedding batch: 100 items (total processed: 39400)
2025-10-21 05:07:28,872 - __main__ - INFO - 🧠 Processing embedding batch: 100 items (total processed: 39500)
2025-10-21 05:07:28,887 - __main__ - INFO - 🧠 Processing embedding batch: 100 items (total processed: 39600)
2025-10-21 05:07:28,902 - __main__ - INFO - 🧠 Processing embedding batch: 100 items (total processed: 39700)
2025-10-21 05:07:28,917 - __main__ - INFO - 🧠 Processing embedding batch: 100 items (total processed: 39800)
2025-10-21 05:07:28,932 - __main__ - INFO - 🧠 Processing embedding batch: 100 items (total processed: 39900)
2025-10-21 05:07:28,947 - __main__ - INFO - 🧠 Processing embedding batch: 100 items (total processed: 40000)
2025-10-21 05:07:28,963 - __main__ - INFO - 🧠 Processing embedding batch: 100 items (total processed: 40100)
2025-10-21 05:07:28,978 - __main__ - INFO - 🧠 Processing embedding batch: 100 items (total processed: 40200)
2025-10-21 05:07:28,994 - __main__ - INFO - 🧠 Processing embedding batch: 100 items (total processed: 40300)
2025-10-21 05:07:29,011 - __main__ - INFO - 🧠 Processing embedding batch: 100 items (total processed: 40400)
2025-10-21 05:07:29,027 - __main__ - INFO - 🧠 Processing embedding batch: 100 items (total processed: 40500)
2025-10-21 05:07:29,042 - __main__ - INFO - 🧠 Processing embedding batch: 100 items (total processed: 40600)
2025-10-21 05:07:29,061 - __main__ - INFO - 🧠 Processing embedding batch: 100 items (total processed: 40700)
2025-10-21 05:07:29,076 - __main__ - INFO - 🧠 Processing embedding batch: 100 items (total processed: 40800)
2025-10-21 05:07:29,091 - __main__ - INFO - 🧠 Processing embedding batch: 100 items (total processed: 40900)
2025-10-21 05:07:29,106 - __main__ - INFO - 🧠 Processing embedding batch: 100 items (total processed: 41000)
2025-10-21 05:07:29,121 - __main__ - INFO - 🧠 Processing embedding batch: 100 items (total processed: 41100)
2025-10-21 05:07:29,136 - __main__ - INFO - 🧠 Processing embedding batch: 100 items (total processed: 41200)
2025-10-21 05:07:29,151 - __main__ - INFO - 🧠 Processing embedding batch: 100 items (total processed: 41300)
2025-10-21 05:07:29,166 - __main__ - INFO - 🧠 Processing embedding batch: 100 items (total processed: 41400)
2025-10-21 05:07:29,181 - __main__ - INFO - 🧠 Processing embedding batch: 100 items (total processed: 41500)
2025-10-21 05:07:29,199 - __main__ - INFO - 🧠 Processing embedding batch: 100 items (total processed: 41600)
2025-10-21 05:07:29,214 - __main__ - INFO - 🧠 Processing embedding batch: 100 items (total processed: 41700)
2025-10-21 05:07:29,230 - __main__ - INFO - 🧠 Processing embedding batch: 100 items (total processed: 41800)
2025-10-21 05:07:29,248 - __main__ - INFO - 🧠 Processing embedding batch: 100 items (total processed: 41900)
2025-10-21 05:07:29,264 - __main__ - INFO - 🧠 Processing embedding batch: 100 items (total processed: 42000)
2025-10-21 05:07:29,279 - __main__ - INFO - 🧠 Processing embedding batch: 100 items (total processed: 42100)
2025-10-21 05:07:29,294 - __main__ - INFO - 🧠 Processing embedding batch: 100 items (total processed: 42200)
2025-10-21 05:07:29,310 - __main__ - INFO - 🧠 Processing embedding batch: 100 items (total processed: 42300)
2025-10-21 05:07:29,325 - __main__ - INFO - 🧠 Processing embedding batch: 100 items (total processed: 42400)
2025-10-21 05:07:29,340 - __main__ - INFO - 🧠 Processing embedding batch: 100 items (total processed: 42500)
2025-10-21 05:07:29,355 - __main__ - INFO - 🧠 Processing embedding batch: 100 items (total processed: 42600)
2025-10-21 05:07:29,371 - __main__ - INFO - 🧠 Processing embedding batch: 100 items (total processed: 42700)
2025-10-21 05:07:29,387 - __main__ - INFO - 🧠 Processing embedding batch: 100 items (total processed: 42800)
2025-10-21 05:07:29,403 - __main__ - INFO - 🧠 Processing embedding batch: 100 items (total processed: 42900)
2025-10-21 05:07:29,417 - __main__ - INFO - 🧠 Processing embedding batch: 100 items (total processed: 43000)
2025-10-21 05:07:29,436 - __main__ - INFO - 🧠 Processing embedding batch: 100 items (total processed: 43100)
2025-10-21 05:07:29,451 - __main__ - INFO - 🧠 Processing embedding batch: 100 items (total processed: 43200)
2025-10-21 05:07:29,466 - __main__ - INFO - 🧠 Processing embedding batch: 100 items (total processed: 43300)
2025-10-21 05:07:29,481 - __main__ - INFO - 🧠 Processing embedding batch: 100 items (total processed: 43400)
2025-10-21 05:07:29,496 - __main__ - INFO - 🧠 Processing embedding batch: 100 items (total processed: 43500)
2025-10-21 05:07:29,512 - __main__ - INFO - 🧠 Processing embedding batch: 100 items (total processed: 43600)
2025-10-21 05:07:29,527 - __main__ - INFO - 🧠 Processing embedding batch: 100 items (total processed: 43700)
2025-10-21 05:07:29,542 - __main__ - INFO - 🧠 Processing embedding batch: 100 items (total processed: 43800)
2025-10-21 05:07:29,559 - __main__ - INFO - 🧠 Processing embedding batch: 100 items (total processed: 43900)
2025-10-21 05:07:29,575 - __main__ - INFO - 🧠 Processing embedding batch: 100 items (total processed: 44000)
2025-10-21 05:07:29,590 - __main__ - INFO - 🧠 Processing embedding batch: 100 items (total processed: 44100)
2025-10-21 05:07:29,605 - __main__ - INFO - 🧠 Processing embedding batch: 100 items (total processed: 44200)
2025-10-21 05:07:29,624 - __main__ - INFO - 🧠 Processing embedding batch: 100 items (total processed: 44300)
2025-10-21 05:07:29,639 - __main__ - INFO - 🧠 Processing embedding batch: 100 items (total processed: 44400)
2025-10-21 05:07:29,654 - __main__ - INFO - 🧠 Processing embedding batch: 100 items (total processed: 44500)
2025-10-21 05:07:29,669 - __main__ - INFO - 🧠 Processing embedding batch: 100 items (total processed: 44600)
2025-10-21 05:07:29,684 - __main__ - INFO - 🧠 Processing embedding batch: 100 items (total processed: 44700)
2025-10-21 05:07:29,699 - __main__ - INFO - 🧠 Processing embedding batch: 100 items (total processed: 44800)
2025-10-21 05:07:29,714 - __main__ - INFO - 🧠 Processing embedding batch: 100 items (total processed: 44900)
2025-10-21 05:07:29,729 - __main__ - INFO - 🧠 Processing embedding batch: 100 items (total processed: 45000)
2025-10-21 05:07:29,744 - __main__ - INFO - 🧠 Processing embedding batch: 100 items (total processed: 45100)
2025-10-21 05:07:29,760 - __main__ - INFO - 🧠 Processing embedding batch: 100 items (total processed: 45200)
2025-10-21 05:07:29,776 - __main__ - INFO - 🧠 Processing embedding batch: 100 items (total processed: 45300)
2025-10-21 05:07:29,791 - __main__ - INFO - 🧠 Processing embedding batch: 100 items (total processed: 45400)
2025-10-21 05:07:29,810 - __main__ - INFO - 🧠 Processing embedding batch: 100 items (total processed: 45500)
2025-10-21 05:07:29,825 - __main__ - INFO - 🧠 Processing embedding batch: 100 items (total processed: 45600)
2025-10-21 05:07:29,841 - __main__ - INFO - 🧠 Processing embedding batch: 100 items (total processed: 45700)
2025-10-21 05:07:29,856 - __main__ - INFO - 🧠 Processing embedding batch: 100 items (total processed: 45800)
2025-10-21 05:07:29,871 - __main__ - INFO - 🧠 Processing embedding batch: 100 items (total processed: 45900)
2025-10-21 05:07:29,886 - __main__ - INFO - 🧠 Processing embedding batch: 100 items (total processed: 46000)
2025-10-21 05:07:29,902 - __main__ - INFO - 🧠 Processing embedding batch: 100 items (total processed: 46100)
2025-10-21 05:07:29,917 - __main__ - INFO - 🧠 Processing embedding batch: 100 items (total processed: 46200)
2025-10-21 05:07:29,933 - __main__ - INFO - 🧠 Processing embedding batch: 100 items (total processed: 46300)
2025-10-21 05:07:29,951 - __main__ - INFO - 🧠 Processing embedding batch: 100 items (total processed: 46400)
2025-10-21 05:07:29,966 - __main__ - INFO - 🧠 Processing embedding batch: 100 items (total processed: 46500)
2025-10-21 05:07:29,981 - __main__ - INFO - 🧠 Processing embedding batch: 100 items (total processed: 46600)
2025-10-21 05:07:30,000 - __main__ - INFO - 🧠 Processing embedding batch: 100 items (total processed: 46700)
2025-10-21 05:07:30,016 - __main__ - INFO - 🧠 Processing embedding batch: 100 items (total processed: 46800)
2025-10-21 05:07:30,031 - __main__ - INFO - 🧠 Processing embedding batch: 100 items (total processed: 46900)
2025-10-21 05:07:30,046 - __main__ - INFO - 🧠 Processing embedding batch: 100 items (total processed: 47000)
2025-10-21 05:07:30,061 - __main__ - INFO - 🧠 Processing embedding batch: 100 items (total processed: 47100)
2025-10-21 05:07:30,077 - __main__ - INFO - 🧠 Processing embedding batch: 100 items (total processed: 47200)
2025-10-21 05:07:30,092 - __main__ - INFO - 🧠 Processing embedding batch: 100 items (total processed: 47300)
2025-10-21 05:07:30,110 - __main__ - INFO - 🧠 Processing embedding batch: 100 items (total processed: 47400)
2025-10-21 05:07:30,126 - __main__ - INFO - 🧠 Processing embedding batch: 100 items (total processed: 47500)
2025-10-21 05:07:30,142 - __main__ - INFO - 🧠 Processing embedding batch: 100 items (total processed: 47600)
2025-10-21 05:07:30,157 - __main__ - INFO - 🧠 Processing embedding batch: 100 items (total processed: 47700)
2025-10-21 05:07:30,173 - __main__ - INFO - 🧠 Processing embedding batch: 100 items (total processed: 47800)
2025-10-21 05:07:30,192 - __main__ - INFO - 🧠 Processing embedding batch: 100 items (total processed: 47900)
2025-10-21 05:07:30,208 - __main__ - INFO - 🧠 Processing embedding batch: 100 items (total processed: 48000)
2025-10-21 05:07:30,223 - __main__ - INFO - 🧠 Processing embedding batch: 100 items (total processed: 48100)
2025-10-21 05:07:30,239 - __main__ - INFO - 🧠 Processing embedding batch: 100 items (total processed: 48200)
2025-10-21 05:07:30,255 - __main__ - INFO - 🧠 Processing embedding batch: 100 items (total processed: 48300)
2025-10-21 05:07:30,271 - __main__ - INFO - 🧠 Processing embedding batch: 100 items (total processed: 48400)
2025-10-21 05:07:30,387 - __main__ - INFO - 🧠 Processing embedding batch: 100 items (total processed: 48500)
2025-10-21 05:07:30,524 - __main__ - INFO - 🧠 Processing embedding batch: 100 items (total processed: 48600)
2025-10-21 05:07:30,641 - __main__ - INFO - 🧠 Processing embedding batch: 100 items (total processed: 48700)
2025-10-21 05:07:30,731 - __main__ - INFO - 🧠 Processing embedding batch: 100 items (total processed: 48800)
2025-10-21 05:07:30,850 - __main__ - INFO - 🧠 Processing embedding batch: 100 items (total processed: 48900)
2025-10-21 05:07:30,985 - __main__ - INFO - 🧠 Processing embedding batch: 100 items (total processed: 49000)
2025-10-21 05:07:31,090 - __main__ - INFO - 🧠 Processing embedding batch: 100 items (total processed: 49100)
2025-10-21 05:07:31,190 - __main__ - INFO - 🧠 Processing embedding batch: 100 items (total processed: 49200)
2025-10-21 05:07:31,279 - __main__ - INFO - 🧠 Processing embedding batch: 100 items (total processed: 49300)
2025-10-21 05:07:31,344 - __main__ - INFO - 🧠 Processing embedding batch: 100 items (total processed: 49400)
2025-10-21 05:07:31,451 - __main__ - INFO - 🧠 Processing embedding batch: 100 items (total processed: 49500)
2025-10-21 05:07:31,556 - __main__ - INFO - 🧠 Processing embedding batch: 100 items (total processed: 49600)
2025-10-21 05:07:31,647 - __main__ - INFO - 🧠 Processing embedding batch: 100 items (total processed: 49700)
2025-10-21 05:07:31,746 - __main__ - INFO - 🧠 Processing embedding batch: 100 items (total processed: 49800)
2025-10-21 05:07:31,842 - __main__ - INFO - 🧠 Processing embedding batch: 100 items (total processed: 49900)
2025-10-21 05:07:31,963 - __main__ - INFO - 🧠 Processing embedding batch: 100 items (total processed: 50000)
2025-10-21 05:07:32,069 - __main__ - INFO - 🧠 Processing embedding batch: 100 items (total processed: 50100)
2025-10-21 05:07:32,108 - __main__ - INFO - 🧠 Processing embedding batch: 100 items (total processed: 50200)
2025-10-21 05:07:32,146 - __main__ - INFO - 🧠 Processing embedding batch: 100 items (total processed: 50300)
2025-10-21 05:07:32,177 - __main__ - INFO - 🧠 Processing embedding batch: 100 items (total processed: 50400)
2025-10-21 05:07:32,213 - __main__ - INFO - 🧠 Processing embedding batch: 100 items (total processed: 50500)
2025-10-21 05:07:32,250 - __main__ - INFO - 🧠 Processing embedding batch: 100 items (total processed: 50600)
2025-10-21 05:07:32,283 - __main__ - INFO - 🧠 Processing embedding batch: 100 items (total processed: 50700)
2025-10-21 05:07:32,325 - __main__ - INFO - 🧠 Processing embedding batch: 100 items (total processed: 50800)
2025-10-21 05:07:32,359 - __main__ - INFO - 🧠 Processing embedding batch: 100 items (total processed: 50900)
2025-10-21 05:07:32,395 - __main__ - INFO - 🧠 Processing embedding batch: 100 items (total processed: 51000)
2025-10-21 05:07:32,430 - __main__ - INFO - 🧠 Processing embedding batch: 100 items (total processed: 51100)
2025-10-21 05:07:32,464 - __main__ - INFO - 🧠 Processing embedding batch: 100 items (total processed: 51200)
2025-10-21 05:07:32,498 - __main__ - INFO - 🧠 Processing embedding batch: 100 items (total processed: 51300)
2025-10-21 05:07:32,532 - __main__ - INFO - 🧠 Processing embedding batch: 100 items (total processed: 51400)
2025-10-21 05:07:32,566 - __main__ - INFO - 🧠 Processing embedding batch: 100 items (total processed: 51500)
2025-10-21 05:07:32,605 - __main__ - INFO - 🧠 Processing embedding batch: 100 items (total processed: 51600)
2025-10-21 05:07:32,640 - __main__ - INFO - 🧠 Processing embedding batch: 100 items (total processed: 51700)
2025-10-21 05:07:32,680 - __main__ - INFO - 🧠 Processing embedding batch: 100 items (total processed: 51800)
2025-10-21 05:07:32,712 - __main__ - INFO - 🧠 Processing embedding batch: 100 items (total processed: 51900)
2025-10-21 05:07:32,745 - __main__ - INFO - 🧠 Processing embedding batch: 100 items (total processed: 52000)
2025-10-21 05:07:32,778 - __main__ - INFO - 🧠 Processing embedding batch: 100 items (total processed: 52100)
2025-10-21 05:07:32,811 - __main__ - INFO - 🧠 Processing embedding batch: 100 items (total processed: 52200)
2025-10-21 05:07:32,844 - __main__ - INFO - 🧠 Processing embedding batch: 100 items (total processed: 52300)
2025-10-21 05:07:32,884 - __main__ - INFO - 🧠 Processing embedding batch: 100 items (total processed: 52400)
2025-10-21 05:07:32,924 - __main__ - INFO - 🧠 Processing embedding batch: 100 items (total processed: 52500)
2025-10-21 05:07:32,960 - __main__ - INFO - 🧠 Processing embedding batch: 100 items (total processed: 52600)
2025-10-21 05:07:32,997 - __main__ - INFO - 🧠 Processing embedding batch: 100 items (total processed: 52700)
2025-10-21 05:07:33,032 - __main__ - INFO - 🧠 Processing embedding batch: 100 items (total processed: 52800)
2025-10-21 05:07:33,069 - __main__ - INFO - 🧠 Processing embedding batch: 100 items (total processed: 52900)
2025-10-21 05:07:33,106 - __main__ - INFO - 🧠 Processing embedding batch: 100 items (total processed: 53000)
2025-10-21 05:07:33,144 - __main__ - INFO - 🧠 Processing embedding batch: 100 items (total processed: 53100)
2025-10-21 05:07:33,178 - __main__ - INFO - 🧠 Processing embedding batch: 100 items (total processed: 53200)
2025-10-21 05:07:33,212 - __main__ - INFO - 🧠 Processing embedding batch: 100 items (total processed: 53300)
2025-10-21 05:07:33,252 - __main__ - INFO - 🧠 Processing embedding batch: 100 items (total processed: 53400)
2025-10-21 05:07:33,290 - __main__ - INFO - 🧠 Processing embedding batch: 100 items (total processed: 53500)
2025-10-21 05:07:33,329 - __main__ - INFO - 🧠 Processing embedding batch: 100 items (total processed: 53600)
2025-10-21 05:07:33,362 - __main__ - INFO - 🧠 Processing embedding batch: 100 items (total processed: 53700)
2025-10-21 05:07:33,405 - __main__ - INFO - 🧠 Processing embedding batch: 100 items (total processed: 53800)
2025-10-21 05:07:33,439 - __main__ - INFO - 🧠 Processing embedding batch: 100 items (total processed: 53900)
2025-10-21 05:07:33,470 - __main__ - INFO - 🧠 Processing embedding batch: 100 items (total processed: 54000)
2025-10-21 05:07:33,501 - __main__ - INFO - 🧠 Processing embedding batch: 100 items (total processed: 54100)
2025-10-21 05:07:33,533 - __main__ - INFO - 🧠 Processing embedding batch: 100 items (total processed: 54200)
2025-10-21 05:07:33,565 - __main__ - INFO - 🧠 Processing embedding batch: 100 items (total processed: 54300)
2025-10-21 05:07:33,598 - __main__ - INFO - 🧠 Processing embedding batch: 100 items (total processed: 54400)
2025-10-21 05:07:33,635 - __main__ - INFO - 🧠 Processing embedding batch: 100 items (total processed: 54500)
2025-10-21 05:07:33,669 - __main__ - INFO - 🧠 Processing embedding batch: 100 items (total processed: 54600)
2025-10-21 05:07:33,703 - __main__ - INFO - 🧠 Processing embedding batch: 100 items (total processed: 54700)
2025-10-21 05:07:33,739 - __main__ - INFO - 🧠 Processing embedding batch: 100 items (total processed: 54800)
2025-10-21 05:07:33,774 - __main__ - INFO - 🧠 Processing embedding batch: 100 items (total processed: 54900)
2025-10-21 05:07:33,864 - __main__ - INFO - 🧠 Processing embedding batch: 100 items (total processed: 55000)
2025-10-21 05:07:34,004 - __main__ - INFO - 🧠 Processing embedding batch: 100 items (total processed: 55100)
2025-10-21 05:07:34,146 - __main__ - INFO - 🧠 Processing embedding batch: 100 items (total processed: 55200)
2025-10-21 05:07:34,282 - __main__ - INFO - 🧠 Processing embedding batch: 100 items (total processed: 55300)
2025-10-21 05:07:34,395 - __main__ - INFO - 🧠 Processing embedding batch: 100 items (total processed: 55400)
2025-10-21 05:07:34,526 - __main__ - INFO - 🧠 Processing embedding batch: 100 items (total processed: 55500)
2025-10-21 05:07:34,656 - __main__ - INFO - 🧠 Processing embedding batch: 100 items (total processed: 55600)
2025-10-21 05:07:34,781 - __main__ - INFO - 🧠 Processing embedding batch: 100 items (total processed: 55700)
2025-10-21 05:07:34,922 - __main__ - INFO - 🧠 Processing embedding batch: 100 items (total processed: 55800)
2025-10-21 05:07:35,062 - __main__ - INFO - 🧠 Processing embedding batch: 100 items (total processed: 55900)
2025-10-21 05:07:35,195 - __main__ - INFO - 🧠 Processing embedding batch: 100 items (total processed: 56000)
2025-10-21 05:07:35,316 - __main__ - INFO - 🧠 Processing embedding batch: 100 items (total processed: 56100)
2025-10-21 05:07:35,425 - __main__ - INFO - 🧠 Processing embedding batch: 100 items (total processed: 56200)
2025-10-21 05:07:35,561 - __main__ - INFO - 🧠 Processing embedding batch: 100 items (total processed: 56300)
2025-10-21 05:07:35,674 - __main__ - INFO - 🧠 Processing embedding batch: 100 items (total processed: 56400)
2025-10-21 05:07:35,792 - __main__ - INFO - 🧠 Processing embedding batch: 100 items (total processed: 56500)
2025-10-21 05:07:35,918 - __main__ - INFO - 🧠 Processing embedding batch: 100 items (total processed: 56600)
2025-10-21 05:07:36,052 - __main__ - INFO - 🧠 Processing embedding batch: 100 items (total processed: 56700)
2025-10-21 05:07:36,166 - __main__ - INFO - 🧠 Processing embedding batch: 100 items (total processed: 56800)
2025-10-21 05:07:36,269 - __main__ - INFO - 🧠 Processing embedding batch: 100 items (total processed: 56900)
2025-10-21 05:07:36,367 - __main__ - INFO - 🧠 Processing embedding batch: 100 items (total processed: 57000)
2025-10-21 05:07:36,488 - __main__ - INFO - 🧠 Processing embedding batch: 100 items (total processed: 57100)
2025-10-21 05:07:36,593 - __main__ - INFO - 🧠 Processing embedding batch: 100 items (total processed: 57200)
2025-10-21 05:07:36,709 - __main__ - INFO - 🧠 Processing embedding batch: 100 items (total processed: 57300)
2025-10-21 05:07:36,836 - __main__ - INFO - 🧠 Processing embedding batch: 100 items (total processed: 57400)
2025-10-21 05:07:36,944 - __main__ - INFO - 🧠 Processing embedding batch: 100 items (total processed: 57500)
2025-10-21 05:07:37,047 - __main__ - INFO - 🧠 Processing embedding batch: 100 items (total processed: 57600)
2025-10-21 05:07:37,145 - __main__ - INFO - 🧠 Processing embedding batch: 100 items (total processed: 57700)
2025-10-21 05:07:37,264 - __main__ - INFO - 🧠 Processing embedding batch: 100 items (total processed: 57800)
2025-10-21 05:07:37,403 - __main__ - INFO - 🧠 Processing embedding batch: 100 items (total processed: 57900)
2025-10-21 05:07:37,521 - __main__ - INFO - 🧠 Processing embedding batch: 100 items (total processed: 58000)
2025-10-21 05:07:37,617 - __main__ - INFO - 🧠 Processing embedding batch: 100 items (total processed: 58100)
2025-10-21 05:07:37,744 - __main__ - INFO - 🧠 Processing embedding batch: 100 items (total processed: 58200)
2025-10-21 05:07:37,843 - __main__ - INFO - 🧠 Processing embedding batch: 100 items (total processed: 58300)
2025-10-21 05:07:37,938 - __main__ - INFO - 🧠 Processing embedding batch: 100 items (total processed: 58400)
2025-10-21 05:07:38,029 - __main__ - INFO - 🧠 Processing embedding batch: 100 items (total processed: 58500)
2025-10-21 05:07:38,131 - __main__ - INFO - 🧠 Processing embedding batch: 100 items (total processed: 58600)
2025-10-21 05:07:38,227 - __main__ - INFO - 🧠 Processing embedding batch: 100 items (total processed: 58700)
2025-10-21 05:07:38,344 - __main__ - INFO - 🧠 Processing embedding batch: 100 items (total processed: 58800)
2025-10-21 05:07:38,461 - __main__ - INFO - 🧠 Processing embedding batch: 100 items (total processed: 58900)
2025-10-21 05:07:38,558 - __main__ - INFO - 🧠 Processing embedding batch: 100 items (total processed: 59000)
2025-10-21 05:07:38,696 - __main__ - INFO - 🧠 Processing embedding batch: 100 items (total processed: 59100)
2025-10-21 05:07:38,820 - __main__ - INFO - 🧠 Processing embedding batch: 100 items (total processed: 59200)
2025-10-21 05:07:38,916 - __main__ - INFO - 🧠 Processing embedding batch: 100 items (total processed: 59300)
2025-10-21 05:07:39,020 - __main__ - INFO - 🧠 Processing embedding batch: 100 items (total processed: 59400)
2025-10-21 05:07:39,140 - __main__ - INFO - 🧠 Processing embedding batch: 100 items (total processed: 59500)
2025-10-21 05:07:39,247 - __main__ - INFO - 🧠 Processing embedding batch: 100 items (total processed: 59600)
2025-10-21 05:07:39,348 - __main__ - INFO - 🧠 Processing embedding batch: 100 items (total processed: 59700)
2025-10-21 05:07:39,454 - __main__ - INFO - 🧠 Processing embedding batch: 100 items (total processed: 59800)
2025-10-21 05:07:39,580 - __main__ - INFO - 🧠 Processing embedding batch: 100 items (total processed: 59900)
2025-10-21 05:07:39,711 - __main__ - INFO - 🧠 Processing embedding batch: 100 items (total processed: 60000)
2025-10-21 05:07:39,840 - __main__ - INFO - 🧠 Processing embedding batch: 100 items (total processed: 60100)
2025-10-21 05:07:39,884 - __main__ - INFO - 🧠 Processing embedding batch: 100 items (total processed: 60200)
2025-10-21 05:07:40,000 - __main__ - INFO - 🧠 Processing embedding batch: 100 items (total processed: 60300)
2025-10-21 05:07:40,105 - __main__ - INFO - 🧠 Processing embedding batch: 100 items (total processed: 60400)
2025-10-21 05:07:40,220 - __main__ - INFO - 🧠 Processing embedding batch: 100 items (total processed: 60500)
2025-10-21 05:07:40,369 - __main__ - INFO - 🧠 Processing embedding batch: 100 items (total processed: 60600)
2025-10-21 05:07:40,517 - __main__ - INFO - 🧠 Processing embedding batch: 100 items (total processed: 60700)
2025-10-21 05:07:40,648 - __main__ - INFO - 🧠 Processing embedding batch: 100 items (total processed: 60800)
2025-10-21 05:07:40,788 - __main__ - INFO - 🧠 Processing embedding batch: 100 items (total processed: 60900)
2025-10-21 05:07:40,931 - __main__ - INFO - 🧠 Processing embedding batch: 100 items (total processed: 61000)
2025-10-21 05:07:41,067 - __main__ - INFO - 🧠 Processing embedding batch: 100 items (total processed: 61100)
2025-10-21 05:07:41,194 - __main__ - INFO - 🧠 Processing embedding batch: 100 items (total processed: 61200)
2025-10-21 05:07:41,323 - __main__ - INFO - 🧠 Processing embedding batch: 100 items (total processed: 61300)
2025-10-21 05:07:41,463 - __main__ - INFO - 🧠 Processing embedding batch: 100 items (total processed: 61400)
2025-10-21 05:07:41,615 - __main__ - INFO - 🧠 Processing embedding batch: 100 items (total processed: 61500)
2025-10-21 05:07:41,743 - __main__ - INFO - 🧠 Processing embedding batch: 100 items (total processed: 61600)
2025-10-21 05:07:41,878 - __main__ - INFO - 🧠 Processing embedding batch: 100 items (total processed: 61700)
2025-10-21 05:07:41,990 - __main__ - INFO - 🧠 Processing embedding batch: 100 items (total processed: 61800)
2025-10-21 05:07:42,117 - __main__ - INFO - 🧠 Processing embedding batch: 100 items (total processed: 61900)
2025-10-21 05:07:42,228 - __main__ - INFO - 🧠 Processing embedding batch: 100 items (total processed: 62000)
2025-10-21 05:07:42,342 - __main__ - INFO - 🧠 Processing embedding batch: 100 items (total processed: 62100)
2025-10-21 05:07:42,508 - __main__ - INFO - 🧠 Processing embedding batch: 100 items (total processed: 62200)
2025-10-21 05:07:42,687 - __main__ - INFO - 🧠 Processing embedding batch: 100 items (total processed: 62300)
2025-10-21 05:07:42,825 - __main__ - INFO - 🧠 Processing embedding batch: 100 items (total processed: 62400)
2025-10-21 05:07:42,935 - __main__ - INFO - 🧠 Processing embedding batch: 100 items (total processed: 62500)
2025-10-21 05:07:43,045 - __main__ - INFO - 🧠 Processing embedding batch: 100 items (total processed: 62600)
2025-10-21 05:07:43,151 - __main__ - INFO - 🧠 Processing embedding batch: 100 items (total processed: 62700)
2025-10-21 05:07:43,276 - __main__ - INFO - 🧠 Processing embedding batch: 100 items (total processed: 62800)
2025-10-21 05:07:43,418 - __main__ - INFO - 🧠 Processing embedding batch: 100 items (total processed: 62900)
2025-10-21 05:07:43,528 - __main__ - INFO - 🧠 Processing embedding batch: 100 items (total processed: 63000)
2025-10-21 05:07:43,656 - __main__ - INFO - 🧠 Processing embedding batch: 100 items (total processed: 63100)
2025-10-21 05:07:43,788 - __main__ - INFO - 🧠 Processing embedding batch: 100 items (total processed: 63200)
2025-10-21 05:07:43,894 - __main__ - INFO - 🧠 Processing embedding batch: 100 items (total processed: 63300)
2025-10-21 05:07:43,999 - __main__ - INFO - 🧠 Processing embedding batch: 100 items (total processed: 63400)
2025-10-21 05:07:44,100 - __main__ - INFO - 🧠 Processing embedding batch: 100 items (total processed: 63500)
2025-10-21 05:07:44,218 - __main__ - INFO - 🧠 Processing embedding batch: 100 items (total processed: 63600)
2025-10-21 05:07:44,324 - __main__ - INFO - 🧠 Processing embedding batch: 100 items (total processed: 63700)
2025-10-21 05:07:44,420 - __main__ - INFO - 🧠 Processing embedding batch: 100 items (total processed: 63800)
2025-10-21 05:07:44,516 - __main__ - INFO - 🧠 Processing embedding batch: 100 items (total processed: 63900)
2025-10-21 05:07:44,555 - __main__ - INFO - 🧠 Processing embedding batch: 100 items (total processed: 64000)
2025-10-21 05:07:44,592 - __main__ - INFO - 🧠 Processing embedding batch: 100 items (total processed: 64100)
2025-10-21 05:07:44,691 - __main__ - INFO - 🧠 Processing embedding batch: 100 items (total processed: 64200)
2025-10-21 05:07:44,791 - __main__ - INFO - 🧠 Processing embedding batch: 100 items (total processed: 64300)
2025-10-21 05:07:44,894 - __main__ - INFO - 🧠 Processing embedding batch: 100 items (total processed: 64400)
2025-10-21 05:07:44,997 - __main__ - INFO - 🧠 Processing embedding batch: 100 items (total processed: 64500)
2025-10-21 05:07:45,105 - __main__ - INFO - 🧠 Processing embedding batch: 100 items (total processed: 64600)
2025-10-21 05:07:45,204 - __main__ - INFO - 🧠 Processing embedding batch: 100 items (total processed: 64700)
2025-10-21 05:07:45,307 - __main__ - INFO - 🧠 Processing embedding batch: 100 items (total processed: 64800)
2025-10-21 05:07:45,422 - __main__ - INFO - 🧠 Processing embedding batch: 100 items (total processed: 64900)
2025-10-21 05:07:45,521 - __main__ - INFO - 🧠 Processing embedding batch: 100 items (total processed: 65000)
2025-10-21 05:07:45,629 - __main__ - INFO - 🧠 Processing embedding batch: 100 items (total processed: 65100)
2025-10-21 05:07:45,735 - __main__ - INFO - 🧠 Processing embedding batch: 100 items (total processed: 65200)
2025-10-21 05:07:45,869 - __main__ - INFO - 🧠 Processing embedding batch: 100 items (total processed: 65300)
2025-10-21 05:07:45,998 - __main__ - INFO - 🧠 Processing embedding batch: 100 items (total processed: 65400)
2025-10-21 05:07:46,134 - __main__ - INFO - 🧠 Processing embedding batch: 100 items (total processed: 65500)
2025-10-21 05:07:46,265 - __main__ - INFO - 🧠 Processing embedding batch: 100 items (total processed: 65600)
2025-10-21 05:07:46,393 - __main__ - INFO - 🧠 Processing embedding batch: 100 items (total processed: 65700)
2025-10-21 05:07:46,515 - __main__ - INFO - 🧠 Processing embedding batch: 100 items (total processed: 65800)
2025-10-21 05:07:46,650 - __main__ - INFO - 🧠 Processing embedding batch: 100 items (total processed: 65900)
2025-10-21 05:07:46,743 - __main__ - INFO - 🧠 Processing embedding batch: 100 items (total processed: 66000)
2025-10-21 05:07:46,865 - __main__ - INFO - 🧠 Processing embedding batch: 100 items (total processed: 66100)
2025-10-21 05:07:46,989 - __main__ - INFO - 🧠 Processing embedding batch: 100 items (total processed: 66200)
2025-10-21 05:07:47,112 - __main__ - INFO - 🧠 Processing embedding batch: 100 items (total processed: 66300)
2025-10-21 05:07:47,204 - __main__ - INFO - 🧠 Processing embedding batch: 100 items (total processed: 66400)
2025-10-21 05:07:47,300 - __main__ - INFO - 🧠 Processing embedding batch: 100 items (total processed: 66500)
2025-10-21 05:07:47,391 - __main__ - INFO - 🧠 Processing embedding batch: 100 items (total processed: 66600)
2025-10-21 05:07:47,432 - __main__ - INFO - 🧠 Processing embedding batch: 100 items (total processed: 66700)
2025-10-21 05:07:47,532 - __main__ - INFO - 🧠 Processing embedding batch: 100 items (total processed: 66800)
2025-10-21 05:07:47,631 - __main__ - INFO - 🧠 Processing embedding batch: 100 items (total processed: 66900)
2025-10-21 05:07:47,728 - __main__ - INFO - 🧠 Processing embedding batch: 100 items (total processed: 67000)
2025-10-21 05:07:47,781 - __main__ - INFO - 🧠 Processing embedding batch: 100 items (total processed: 67100)
2025-10-21 05:07:47,909 - __main__ - INFO - 🧠 Processing embedding batch: 100 items (total processed: 67200)
2025-10-21 05:07:48,045 - __main__ - INFO - 🧠 Processing embedding batch: 100 items (total processed: 67300)
2025-10-21 05:07:48,144 - __main__ - INFO - 🧠 Processing embedding batch: 100 items (total processed: 67400)
2025-10-21 05:07:48,235 - __main__ - INFO - 🧠 Processing embedding batch: 100 items (total processed: 67500)
2025-10-21 05:07:48,277 - __main__ - INFO - 🧠 Processing embedding batch: 100 items (total processed: 67600)
2025-10-21 05:07:48,315 - __main__ - INFO - 🧠 Processing embedding batch: 100 items (total processed: 67700)
2025-10-21 05:07:48,352 - __main__ - INFO - 🧠 Processing embedding batch: 100 items (total processed: 67800)
2025-10-21 05:07:48,388 - __main__ - INFO - 🧠 Processing embedding batch: 100 items (total processed: 67900)
2025-10-21 05:07:48,428 - __main__ - INFO - 🧠 Processing embedding batch: 100 items (total processed: 68000)
2025-10-21 05:07:48,472 - __main__ - INFO - 🧠 Processing embedding batch: 100 items (total processed: 68100)
2025-10-21 05:07:48,513 - __main__ - INFO - 🧠 Processing embedding batch: 100 items (total processed: 68200)
2025-10-21 05:07:48,555 - __main__ - INFO - 🧠 Processing embedding batch: 100 items (total processed: 68300)
2025-10-21 05:07:48,594 - __main__ - INFO - 🧠 Processing embedding batch: 100 items (total processed: 68400)
2025-10-21 05:07:48,631 - __main__ - INFO - 🧠 Processing embedding batch: 100 items (total processed: 68500)
2025-10-21 05:07:48,663 - __main__ - INFO - 🧠 Processing embedding batch: 100 items (total processed: 68600)
2025-10-21 05:07:48,701 - __main__ - INFO - 🧠 Processing embedding batch: 100 items (total processed: 68700)
2025-10-21 05:07:48,736 - __main__ - INFO - 🧠 Processing embedding batch: 100 items (total processed: 68800)
2025-10-21 05:07:48,948 - __main__ - INFO - 🧠 Processing embedding batch: 100 items (total processed: 68900)
2025-10-21 05:07:48,987 - __main__ - INFO - 🧠 Processing embedding batch: 100 items (total processed: 69000)
2025-10-21 05:07:49,014 - __main__ - INFO - 🧠 Processing embedding batch: 100 items (total processed: 69100)
2025-10-21 05:07:49,043 - __main__ - INFO - 🧠 Processing embedding batch: 100 items (total processed: 69200)
2025-10-21 05:07:49,070 - __main__ - INFO - 🧠 Processing embedding batch: 100 items (total processed: 69300)
2025-10-21 05:07:49,098 - __main__ - INFO - 🧠 Processing embedding batch: 100 items (total processed: 69400)
2025-10-21 05:07:49,127 - __main__ - INFO - 🧠 Processing embedding batch: 100 items (total processed: 69500)
2025-10-21 05:07:49,156 - __main__ - INFO - 🧠 Processing embedding batch: 100 items (total processed: 69600)
2025-10-21 05:07:49,184 - __main__ - INFO - 🧠 Processing embedding batch: 100 items (total processed: 69700)
2025-10-21 05:07:49,211 - __main__ - INFO - 🧠 Processing embedding batch: 100 items (total processed: 69800)
2025-10-21 05:07:49,240 - __main__ - INFO - 🧠 Processing embedding batch: 100 items (total processed: 69900)
2025-10-21 05:07:49,268 - __main__ - INFO - 🧠 Processing embedding batch: 100 items (total processed: 70000)
2025-10-21 05:07:49,295 - __main__ - INFO - 🧠 Processing embedding batch: 100 items (total processed: 70100)
2025-10-21 05:07:49,323 - __main__ - INFO - 🧠 Processing embedding batch: 100 items (total processed: 70200)
2025-10-21 05:07:49,350 - __main__ - INFO - 🧠 Processing embedding batch: 100 items (total processed: 70300)
2025-10-21 05:07:49,379 - __main__ - INFO - 🧠 Processing embedding batch: 100 items (total processed: 70400)
2025-10-21 05:07:49,408 - __main__ - INFO - 🧠 Processing embedding batch: 100 items (total processed: 70500)
2025-10-21 05:07:49,436 - __main__ - INFO - 🧠 Processing embedding batch: 100 items (total processed: 70600)
2025-10-21 05:07:49,465 - __main__ - INFO - 🧠 Processing embedding batch: 100 items (total processed: 70700)
2025-10-21 05:07:49,498 - __main__ - INFO - 🧠 Processing embedding batch: 100 items (total processed: 70800)
2025-10-21 05:07:49,527 - __main__ - INFO - 🧠 Processing embedding batch: 100 items (total processed: 70900)
2025-10-21 05:07:49,555 - __main__ - INFO - 🧠 Processing embedding batch: 100 items (total processed: 71000)
2025-10-21 05:07:49,584 - __main__ - INFO - 🧠 Processing embedding batch: 100 items (total processed: 71100)
2025-10-21 05:07:49,611 - __main__ - INFO - 🧠 Processing embedding batch: 100 items (total processed: 71200)
2025-10-21 05:07:49,639 - __main__ - INFO - 🧠 Processing embedding batch: 100 items (total processed: 71300)
2025-10-21 05:07:49,668 - __main__ - INFO - 🧠 Processing embedding batch: 100 items (total processed: 71400)
2025-10-21 05:07:49,692 - __main__ - INFO - 🧠 Processing embedding batch: 100 items (total processed: 71500)
2025-10-21 05:07:49,721 - __main__ - INFO - 🧠 Processing embedding batch: 100 items (total processed: 71600)
2025-10-21 05:07:49,749 - __main__ - INFO - 🧠 Processing embedding batch: 100 items (total processed: 71700)
2025-10-21 05:07:49,775 - __main__ - INFO - 🧠 Processing embedding batch: 100 items (total processed: 71800)
2025-10-21 05:07:49,804 - __main__ - INFO - 🧠 Processing embedding batch: 100 items (total processed: 71900)
2025-10-21 05:07:49,837 - __main__ - INFO - 🧠 Processing embedding batch: 100 items (total processed: 72000)
2025-10-21 05:07:49,866 - __main__ - INFO - 🧠 Processing embedding batch: 100 items (total processed: 72100)
2025-10-21 05:07:49,891 - __main__ - INFO - 🧠 Processing embedding batch: 100 items (total processed: 72200)
2025-10-21 05:07:49,920 - __main__ - INFO - 🧠 Processing embedding batch: 100 items (total processed: 72300)
2025-10-21 05:07:49,944 - __main__ - INFO - 🧠 Processing embedding batch: 100 items (total processed: 72400)
2025-10-21 05:07:49,969 - __main__ - INFO - 🧠 Processing embedding batch: 100 items (total processed: 72500)
2025-10-21 05:07:49,998 - __main__ - INFO - 🧠 Processing embedding batch: 100 items (total processed: 72600)
2025-10-21 05:07:50,027 - __main__ - INFO - 🧠 Processing embedding batch: 100 items (total processed: 72700)
2025-10-21 05:07:50,057 - __main__ - INFO - 🧠 Processing embedding batch: 100 items (total processed: 72800)
2025-10-21 05:07:50,086 - __main__ - INFO - 🧠 Processing embedding batch: 100 items (total processed: 72900)
2025-10-21 05:07:50,115 - __main__ - INFO - 🧠 Processing embedding batch: 100 items (total processed: 73000)
2025-10-21 05:07:50,143 - __main__ - INFO - 🧠 Processing embedding batch: 100 items (total processed: 73100)
2025-10-21 05:07:50,176 - __main__ - INFO - 🧠 Processing embedding batch: 100 items (total processed: 73200)
2025-10-21 05:07:50,206 - __main__ - INFO - 🧠 Processing embedding batch: 100 items (total processed: 73300)
2025-10-21 05:07:50,234 - __main__ - INFO - 🧠 Processing embedding batch: 100 items (total processed: 73400)
2025-10-21 05:07:50,263 - __main__ - INFO - 🧠 Processing embedding batch: 100 items (total processed: 73500)
2025-10-21 05:07:50,290 - __main__ - INFO - 🧠 Processing embedding batch: 100 items (total processed: 73600)
2025-10-21 05:07:50,314 - __main__ - INFO - 🧠 Processing embedding batch: 100 items (total processed: 73700)
2025-10-21 05:07:50,339 - __main__ - INFO - 🧠 Processing embedding batch: 100 items (total processed: 73800)
2025-10-21 05:07:50,368 - __main__ - INFO - 🧠 Processing embedding batch: 100 items (total processed: 73900)
2025-10-21 05:07:50,397 - __main__ - INFO - 🧠 Processing embedding batch: 100 items (total processed: 74000)
2025-10-21 05:07:50,421 - __main__ - INFO - 🧠 Processing embedding batch: 100 items (total processed: 74100)
2025-10-21 05:07:50,447 - __main__ - INFO - 🧠 Processing embedding batch: 100 items (total processed: 74200)
2025-10-21 05:07:50,474 - __main__ - INFO - 🧠 Processing embedding batch: 100 items (total processed: 74300)
2025-10-21 05:07:50,504 - __main__ - INFO - 🧠 Processing embedding batch: 100 items (total processed: 74400)
2025-10-21 05:07:50,530 - __main__ - INFO - 🧠 Processing embedding batch: 100 items (total processed: 74500)
2025-10-21 05:07:50,560 - __main__ - INFO - 🧠 Processing embedding batch: 100 items (total processed: 74600)
2025-10-21 05:07:50,589 - __main__ - INFO - 🧠 Processing embedding batch: 100 items (total processed: 74700)
2025-10-21 05:07:50,617 - __main__ - INFO - 🧠 Processing embedding batch: 100 items (total processed: 74800)
2025-10-21 05:07:50,645 - __main__ - INFO - 🧠 Processing embedding batch: 100 items (total processed: 74900)
2025-10-21 05:07:50,674 - __main__ - INFO - 🧠 Processing embedding batch: 100 items (total processed: 75000)
2025-10-21 05:07:50,703 - __main__ - INFO - 🧠 Processing embedding batch: 100 items (total processed: 75100)
2025-10-21 05:07:50,732 - __main__ - INFO - 🧠 Processing embedding batch: 100 items (total processed: 75200)
2025-10-21 05:07:50,761 - __main__ - INFO - 🧠 Processing embedding batch: 100 items (total processed: 75300)
2025-10-21 05:07:50,786 - __main__ - INFO - 🧠 Processing embedding batch: 100 items (total processed: 75400)
2025-10-21 05:07:50,810 - __main__ - INFO - 🧠 Processing embedding batch: 100 items (total processed: 75500)
2025-10-21 05:07:50,838 - __main__ - INFO - 🧠 Processing embedding batch: 100 items (total processed: 75600)
2025-10-21 05:07:50,864 - __main__ - INFO - 🧠 Processing embedding batch: 100 items (total processed: 75700)
2025-10-21 05:07:50,889 - __main__ - INFO - 🧠 Processing embedding batch: 100 items (total processed: 75800)
2025-10-21 05:07:50,918 - __main__ - INFO - 🧠 Processing embedding batch: 100 items (total processed: 75900)
2025-10-21 05:07:50,946 - __main__ - INFO - 🧠 Processing embedding batch: 100 items (total processed: 76000)
2025-10-21 05:07:50,974 - __main__ - INFO - 🧠 Processing embedding batch: 100 items (total processed: 76100)
2025-10-21 05:07:51,001 - __main__ - INFO - 🧠 Processing embedding batch: 100 items (total processed: 76200)
2025-10-21 05:07:51,028 - __main__ - INFO - 🧠 Processing embedding batch: 100 items (total processed: 76300)
2025-10-21 05:07:51,055 - __main__ - INFO - 🧠 Processing embedding batch: 100 items (total processed: 76400)
2025-10-21 05:07:51,084 - __main__ - INFO - 🧠 Processing embedding batch: 100 items (total processed: 76500)
2025-10-21 05:07:51,109 - __main__ - INFO - 🧠 Processing embedding batch: 100 items (total processed: 76600)
2025-10-21 05:07:51,134 - __main__ - INFO - 🧠 Processing embedding batch: 100 items (total processed: 76700)
2025-10-21 05:07:51,167 - __main__ - INFO - 🧠 Processing embedding batch: 100 items (total processed: 76800)
2025-10-21 05:07:51,196 - __main__ - INFO - 🧠 Processing embedding batch: 100 items (total processed: 76900)
2025-10-21 05:07:51,226 - __main__ - INFO - 🧠 Processing embedding batch: 100 items (total processed: 77000)
2025-10-21 05:07:51,255 - __main__ - INFO - 🧠 Processing embedding batch: 100 items (total processed: 77100)
2025-10-21 05:07:51,284 - __main__ - INFO - 🧠 Processing embedding batch: 100 items (total processed: 77200)
2025-10-21 05:07:51,313 - __main__ - INFO - 🧠 Processing embedding batch: 100 items (total processed: 77300)
2025-10-21 05:07:51,342 - __main__ - INFO - 🧠 Processing embedding batch: 100 items (total processed: 77400)
2025-10-21 05:07:51,371 - __main__ - INFO - 🧠 Processing embedding batch: 100 items (total processed: 77500)
2025-10-21 05:07:51,401 - __main__ - INFO - 🧠 Processing embedding batch: 100 items (total processed: 77600)
2025-10-21 05:07:51,430 - __main__ - INFO - 🧠 Processing embedding batch: 100 items (total processed: 77700)
2025-10-21 05:07:51,459 - __main__ - INFO - 🧠 Processing embedding batch: 100 items (total processed: 77800)
2025-10-21 05:07:51,491 - __main__ - INFO - 🧠 Processing embedding batch: 100 items (total processed: 77900)
2025-10-21 05:07:51,525 - __main__ - INFO - 🧠 Processing embedding batch: 100 items (total processed: 78000)
2025-10-21 05:07:51,555 - __main__ - INFO - 🧠 Processing embedding batch: 100 items (total processed: 78100)
2025-10-21 05:07:51,585 - __main__ - INFO - 🧠 Processing embedding batch: 100 items (total processed: 78200)
2025-10-21 05:07:51,615 - __main__ - INFO - 🧠 Processing embedding batch: 100 items (total processed: 78300)
2025-10-21 05:07:51,645 - __main__ - INFO - 🧠 Processing embedding batch: 100 items (total processed: 78400)
2025-10-21 05:07:51,676 - __main__ - INFO - 🧠 Processing embedding batch: 100 items (total processed: 78500)
2025-10-21 05:07:51,706 - __main__ - INFO - 🧠 Processing embedding batch: 100 items (total processed: 78600)
2025-10-21 05:07:51,732 - __main__ - INFO - 🧠 Processing embedding batch: 100 items (total processed: 78700)
2025-10-21 05:07:51,760 - __main__ - INFO - 🧠 Processing embedding batch: 100 items (total processed: 78800)
2025-10-21 05:07:51,789 - __main__ - INFO - 🧠 Processing embedding batch: 100 items (total processed: 78900)
2025-10-21 05:07:51,816 - __main__ - INFO - 🧠 Processing embedding batch: 100 items (total processed: 79000)
2025-10-21 05:07:51,845 - __main__ - INFO - 🧠 Processing embedding batch: 100 items (total processed: 79100)
2025-10-21 05:07:51,877 - __main__ - INFO - 🧠 Processing embedding batch: 100 items (total processed: 79200)
2025-10-21 05:07:51,907 - __main__ - INFO - 🧠 Processing embedding batch: 100 items (total processed: 79300)
2025-10-21 05:07:51,936 - __main__ - INFO - 🧠 Processing embedding batch: 100 items (total processed: 79400)
2025-10-21 05:07:51,966 - __main__ - INFO - 🧠 Processing embedding batch: 100 items (total processed: 79500)
2025-10-21 05:07:51,995 - __main__ - INFO - 🧠 Processing embedding batch: 100 items (total processed: 79600)
2025-10-21 05:07:52,025 - __main__ - INFO - 🧠 Processing embedding batch: 100 items (total processed: 79700)
2025-10-21 05:07:52,056 - __main__ - INFO - 🧠 Processing embedding batch: 100 items (total processed: 79800)
2025-10-21 05:07:52,085 - __main__ - INFO - 🧠 Processing embedding batch: 100 items (total processed: 79900)
2025-10-21 05:07:52,115 - __main__ - INFO - 🧠 Processing embedding batch: 100 items (total processed: 80000)
2025-10-21 05:07:52,146 - __main__ - INFO - 🧠 Processing embedding batch: 100 items (total processed: 80100)
2025-10-21 05:07:52,177 - __main__ - INFO - 🧠 Processing embedding batch: 100 items (total processed: 80200)
2025-10-21 05:07:52,208 - __main__ - INFO - 🧠 Processing embedding batch: 100 items (total processed: 80300)
2025-10-21 05:07:52,245 - __main__ - INFO - 🧠 Processing embedding batch: 100 items (total processed: 80400)
2025-10-21 05:07:52,276 - __main__ - INFO - 🧠 Processing embedding batch: 100 items (total processed: 80500)
2025-10-21 05:07:52,308 - __main__ - INFO - 🧠 Processing embedding batch: 100 items (total processed: 80600)
2025-10-21 05:07:52,339 - __main__ - INFO - 🧠 Processing embedding batch: 100 items (total processed: 80700)
2025-10-21 05:07:52,370 - __main__ - INFO - 🧠 Processing embedding batch: 100 items (total processed: 80800)
2025-10-21 05:07:52,401 - __main__ - INFO - 🧠 Processing embedding batch: 100 items (total processed: 80900)
2025-10-21 05:07:52,431 - __main__ - INFO - 🧠 Processing embedding batch: 100 items (total processed: 81000)
2025-10-21 05:07:52,461 - __main__ - INFO - 🧠 Processing embedding batch: 100 items (total processed: 81100)
2025-10-21 05:07:52,490 - __main__ - INFO - 🧠 Processing embedding batch: 100 items (total processed: 81200)
2025-10-21 05:07:52,520 - __main__ - INFO - 🧠 Processing embedding batch: 100 items (total processed: 81300)
2025-10-21 05:07:52,549 - __main__ - INFO - 🧠 Processing embedding batch: 100 items (total processed: 81400)
2025-10-21 05:07:52,579 - __main__ - INFO - 🧠 Processing embedding batch: 100 items (total processed: 81500)
2025-10-21 05:07:52,612 - __main__ - INFO - 🧠 Processing embedding batch: 100 items (total processed: 81600)
2025-10-21 05:07:52,642 - __main__ - INFO - 🧠 Processing embedding batch: 100 items (total processed: 81700)
2025-10-21 05:07:52,672 - __main__ - INFO - 🧠 Processing embedding batch: 100 items (total processed: 81800)
2025-10-21 05:07:52,702 - __main__ - INFO - 🧠 Processing embedding batch: 100 items (total processed: 81900)
2025-10-21 05:07:52,731 - __main__ - INFO - 🧠 Processing embedding batch: 100 items (total processed: 82000)
2025-10-21 05:07:52,760 - __main__ - INFO - 🧠 Processing embedding batch: 100 items (total processed: 82100)
2025-10-21 05:07:52,790 - __main__ - INFO - 🧠 Processing embedding batch: 100 items (total processed: 82200)
2025-10-21 05:07:52,820 - __main__ - INFO - 🧠 Processing embedding batch: 100 items (total processed: 82300)
2025-10-21 05:07:52,850 - __main__ - INFO - 🧠 Processing embedding batch: 100 items (total processed: 82400)
2025-10-21 05:07:52,879 - __main__ - INFO - 🧠 Processing embedding batch: 100 items (total processed: 82500)
2025-10-21 05:07:52,909 - __main__ - INFO - 🧠 Processing embedding batch: 100 items (total processed: 82600)
2025-10-21 05:07:52,939 - __main__ - INFO - 🧠 Processing embedding batch: 100 items (total processed: 82700)
2025-10-21 05:07:52,973 - __main__ - INFO - 🧠 Processing embedding batch: 100 items (total processed: 82800)
2025-10-21 05:07:53,002 - __main__ - INFO - 🧠 Processing embedding batch: 100 items (total processed: 82900)
2025-10-21 05:07:53,032 - __main__ - INFO - 🧠 Processing embedding batch: 100 items (total processed: 83000)
2025-10-21 05:07:53,063 - __main__ - INFO - 🧠 Processing embedding batch: 100 items (total processed: 83100)
2025-10-21 05:07:53,092 - __main__ - INFO - Processing CESMVariable nodes... (found 2289 variables)
2025-10-21 05:07:53,100 - __main__ - INFO - ✓ Successfully processed 2289 CESM variables into self.nodes
2025-10-21 05:07:53,257 - __main__ - INFO -  Processed 549333 nodes from JSON file
2025-10-21 05:07:53,292 - __main__ - INFO - DEBUG: Before relationship creation - 52318 dataset nodes in self.nodes
2025-10-21 05:07:54,162 - __main__ - INFO -  Created 241205 order-based relationships, skipped 0
2025-10-21 05:07:54,257 - __main__ - INFO - DEBUG: Dataset nodes created: 52318
2025-10-21 05:07:54,257 - __main__ - INFO - DEBUG: Dataset-related relationship counts:
2025-10-21 05:07:54,258 - __main__ - INFO -   hasDataCategory: 48518
2025-10-21 05:07:54,258 - __main__ - INFO -   hasDataFormat: 15
2025-10-21 05:07:54,258 - __main__ - INFO -   hasLocation: 20383
2025-10-21 05:07:54,259 - __main__ - INFO -   hasStation: 0
2025-10-21 05:07:54,259 - __main__ - INFO -   hasOrganization: 1
2025-10-21 05:07:54,260 - __main__ - INFO -  Successfully created order-based relationships
2025-10-21 05:07:54,261 - __main__ - INFO - ù Creating ML workflow relationships...
2025-10-21 05:07:54,323 - __main__ - WARNING - No workflow nodes found - skipping workflow relationships
2025-10-21 05:07:54,323 - __main__ - INFO -  Successfully created workflow relationships
2025-10-21 05:07:54,324 - __main__ - INFO - Creating 8 climate ML workflow nodes...
2025-10-21 05:07:54,324 - __main__ - INFO -  Created 8 climate ML workflow nodes
2025-10-21 05:07:54,325 - __main__ - INFO -  Successfully created climate ML workflow nodes
2025-10-21 05:07:54,325 - __main__ - INFO - 🌍 Processing climate simulation datasets...
2025-10-21 05:07:54,330 - __main__ - INFO - 📊 Loading 15 CMIP6 controlled vocabularies for enrichment
2025-10-21 05:07:54,330 - __main__ - INFO - 📚 Loading CMIP6 controlled vocabularies for enrichment...
2025-10-21 05:07:54,418 - __main__ - INFO - ✓ Loaded 639 total vocabulary entries for enrichment
2025-10-21 05:07:54,418 - __main__ - INFO - 📊 Processing CMIP6 controlled vocabulary files
2025-10-21 05:07:54,424 - __main__ - INFO - 🧠 Processing embedding batch: 100 items (total processed: 83200)
2025-10-21 05:07:54,476 - __main__ - INFO -   ✓ Created 43 unified SimVariable nodes from CMIP6 variables
2025-10-21 05:07:54,518 - __main__ - INFO - 🧠 Processing embedding batch: 100 items (total processed: 83300)
2025-10-21 05:07:54,572 - __main__ - INFO -   ✓ Created 132 unified SimProvider nodes from CMIP6 sources
2025-10-21 05:07:54,579 - __main__ - INFO -   ✓ Created 8 unified SimSpatialCoverage nodes from CMIP6 realms
2025-10-21 05:07:54,586 - __main__ - INFO -   ✓ Created 49 unified SimProvider nodes from CMIP6 institutions
2025-10-21 05:07:54,589 - __main__ - INFO - 🧠 Processing embedding batch: 100 items (total processed: 83400)
2025-10-21 05:07:54,709 - __main__ - INFO -   ✓ Created 45 unified SimSpatialCoverage nodes from CMIP6 grid labels
2025-10-21 05:07:54,712 - __main__ - INFO -   ✓ Created 16 unified SimTemporalResolution nodes from CMIP6 frequencies
2025-10-21 05:07:54,718 - __main__ - INFO -   ✓ Created 322 unified SimExperiment nodes from CMIP6 experiments
2025-10-21 05:07:54,721 - __main__ - INFO -   ✓ Created 24 unified SimActivity nodes from CMIP6 activities
2025-10-21 05:07:54,723 - __main__ - INFO - 📊 Processing CMIP6 dataset metadata (all datasets)
2025-10-21 05:07:54,724 - __main__ - INFO - 📊 Loading CMIP6 datasets from metadata file (processing all)
2025-10-21 05:07:59,294 - __main__ - INFO - 📊 Loaded 101867 total CMIP6 datasets, processing all
2025-10-21 05:08:01,125 - __main__ - INFO - 🧠 Processing embedding batch: 100 items (total processed: 83500)
2025-10-21 05:08:01,500 - __main__ - INFO - 🧠 Processing embedding batch: 100 items (total processed: 83600)
2025-10-21 05:08:02,556 - __main__ - INFO - 🧠 Processing embedding batch: 100 items (total processed: 83700)
2025-10-21 05:08:03,906 - __main__ - INFO - 🧠 Processing embedding batch: 100 items (total processed: 83800)
2025-10-21 05:08:05,260 - __main__ - INFO - 🧠 Processing embedding batch: 100 items (total processed: 83900)
2025-10-21 05:08:07,196 - __main__ - INFO - 🧠 Processing embedding batch: 100 items (total processed: 84000)
2025-10-21 05:08:10,177 - __main__ - INFO - 🧠 Processing embedding batch: 100 items (total processed: 84100)
2025-10-21 05:08:10,395 - __main__ - INFO - ✓ Processed 101867 CMIP6 datasets with unified property extraction
2025-10-21 05:08:10,596 - __main__ - INFO - 🌡️  Found 47 ERA5 files
2025-10-21 05:08:10,683 - __main__ - INFO - 🧠 Processing embedding batch: 100 items (total processed: 84200)
2025-10-21 05:08:10,747 - __main__ - INFO - 🧠 Processing embedding batch: 100 items (total processed: 84300)
2025-10-21 05:08:10,820 - __main__ - INFO - 🧠 Processing embedding batch: 100 items (total processed: 84400)
2025-10-21 05:08:10,995 - __main__ - INFO - ✓ Processed 47 ERA5 datasets, 0 errors
2025-10-21 05:08:10,995 - __main__ - INFO - 🔗 Creating CMIP6 relationships...
2025-10-21 05:08:11,185 - __main__ - INFO -   ✓ Created 0 CMIP6 relationships
2025-10-21 05:08:11,601 - __main__ - INFO - ✓ Created 0 CMIP6 experiment/activity/source/realm nodes
2025-10-21 05:08:11,601 - __main__ - INFO - ✓ Created 101914 unified SimDataset nodes
2025-10-21 05:08:11,601 - __main__ - INFO - ✓ Created 637 unified SimVariable nodes
2025-10-21 05:08:11,601 - __main__ - INFO - ✓ Created 188 unified SimProvider nodes
2025-10-21 05:08:11,602 - __main__ - INFO - ✓ Created 74 SimTemporalResolution, 413 SimSpatialCoverage, 113 SimHorizontalResolution, 12 SimFileFormat nodes
2025-10-21 05:08:12,196 - __main__ - INFO -  Loaded 92838 ML predictions from ../ML Model/predictions/cmr_dataset_predictions.csv
2025-10-21 05:08:12,196 - __main__ - INFO - Building comprehensive dataset lookup...
2025-10-21 05:08:12,547 - __main__ - INFO -  Built lookup for 52318 observational + 101914 simulation datasets
2025-10-21 05:08:12,548 - __main__ - INFO - Building CESM variable lookup dictionary...
2025-10-21 05:08:12,601 - __main__ - INFO -  Built lookup for 1962 CESM variables
2025-10-21 05:08:12,601 - __main__ - INFO -  Sample CESM variables in lookup: ['CLDICE', 'CLDLIQ', 'CLOUD', 'CMFMCDZM', 'CMFMC', 'DCQ', 'DTCOND', 'DTV', 'FSNTOA', 'MASS']
2025-10-21 05:08:12,601 - __main__ - INFO -  ✓ diatChl found in lookup -> diatChl_std_month_1
2025-10-21 05:08:12,601 - __main__ - INFO -  ✓ DpCO2_2 found in lookup -> DpCO2_2_moar_day_1
2025-10-21 05:08:12,601 - __main__ - INFO -  ✓ dst_a2DDF found in lookup -> dst_a2DDF_std_month_1
2025-10-21 05:08:12,601 - __main__ - INFO -  ✓ siitdconc found in lookup -> siitdconc_std_month_1
2025-10-21 05:08:12,601 - __main__ - INFO -  ✓ WTHzm found in lookup -> WTHzm_std_month_1
2025-10-21 05:08:16,240 - __main__ - INFO -  Created 24991 hasCESMVariable relationships (observational data)
2025-10-21 05:08:16,240 - __main__ - INFO -  Created 16 hasCESMSimVariable relationships (simulation data)
2025-10-21 05:08:16,240 - __main__ - INFO -  Total CESM relationships: 25007
2025-10-21 05:08:16,240 - __main__ - INFO -  Successfully processed 22702 observational + 16 simulation predictions, 69893 failed
2025-10-21 05:08:16,347 - __main__ - INFO - è ML Prediction quality distribution (22718 predictions):
2025-10-21 05:08:16,347 - __main__ - INFO -    HIGHLY_RELIABLE: 7385 predictions
2025-10-21 05:08:16,347 - __main__ - INFO -    LOW_CONFIDENCE: 11696 predictions
2025-10-21 05:08:16,347 - __main__ - INFO -    MODERATE: 1922 predictions
2025-10-21 05:08:16,347 - __main__ - INFO -    RELIABLE: 1715 predictions
2025-10-21 05:08:16,385 - __main__ - INFO - ✅ Successfully processed CESM variable mappings for both observational and simulation data
2025-10-21 05:08:16,385 - __main__ - INFO - ù Creating CESM variable similarity relationships...
2025-10-21 05:08:16,433 - __main__ - INFO - Found 2245 CESM variables for similarity analysis
2025-10-21 05:10:28,562 - __main__ - INFO -  Created 684484 CESM variable similarity relationships (threshold: 0.7)
2025-10-21 05:10:28,597 - __main__ - INFO - ✅ Successfully created CESM variable similarity relationships
2025-10-21 05:10:28,598 - __main__ - INFO - Writing CSV files to: /workspace/AutoClimDS/KGNeptune/neptune_csvs
2025-10-21 05:10:28,816 - __main__ - INFO - Writing 258582 Link nodes to /workspace/AutoClimDS/KGNeptune/neptune_csvs/link_nodes.csv
2025-10-21 05:10:31,732 - __main__ - INFO - Successfully wrote Link nodes to /workspace/AutoClimDS/KGNeptune/neptune_csvs/link_nodes.csv
2025-10-21 05:10:31,732 - __main__ - INFO - Writing 52318 Dataset nodes to /workspace/AutoClimDS/KGNeptune/neptune_csvs/dataset_nodes.csv
2025-10-21 05:10:35,581 - __main__ - INFO - Successfully wrote Dataset nodes to /workspace/AutoClimDS/KGNeptune/neptune_csvs/dataset_nodes.csv
2025-10-21 05:10:35,581 - __main__ - INFO - Writing 48518 DataCategory nodes to /workspace/AutoClimDS/KGNeptune/neptune_csvs/datacategory_nodes.csv
2025-10-21 05:10:48,335 - __main__ - INFO - Successfully wrote DataCategory nodes to /workspace/AutoClimDS/KGNeptune/neptune_csvs/datacategory_nodes.csv
2025-10-21 05:10:48,335 - __main__ - INFO - Writing 15 DataFormat nodes to /workspace/AutoClimDS/KGNeptune/neptune_csvs/dataformat_nodes.csv
2025-10-21 05:10:48,340 - __main__ - INFO - Successfully wrote DataFormat nodes to /workspace/AutoClimDS/KGNeptune/neptune_csvs/dataformat_nodes.csv
2025-10-21 05:10:48,340 - __main__ - INFO - Writing 1 CoordinateSystem nodes to /workspace/AutoClimDS/KGNeptune/neptune_csvs/coordinatesystem_nodes.csv
2025-10-21 05:10:48,342 - __main__ - INFO - Successfully wrote CoordinateSystem nodes to /workspace/AutoClimDS/KGNeptune/neptune_csvs/coordinatesystem_nodes.csv
2025-10-21 05:10:48,343 - __main__ - INFO - Writing 2426 Location nodes to /workspace/AutoClimDS/KGNeptune/neptune_csvs/location_nodes.csv
2025-10-21 05:10:49,081 - __main__ - INFO - Successfully wrote Location nodes to /workspace/AutoClimDS/KGNeptune/neptune_csvs/location_nodes.csv
2025-10-21 05:10:49,081 - __main__ - INFO - Skipping 1 DATA_PROVIDER nodes (excluded node type)
2025-10-21 05:10:49,086 - __main__ - INFO - Writing 50257 TemporalExtent nodes to /workspace/AutoClimDS/KGNeptune/neptune_csvs/temporalextent_nodes.csv
2025-10-21 05:10:49,369 - __main__ - INFO - Successfully wrote TemporalExtent nodes to /workspace/AutoClimDS/KGNeptune/neptune_csvs/temporalextent_nodes.csv
2025-10-21 05:10:49,369 - __main__ - INFO - Writing 14349 Variable nodes to /workspace/AutoClimDS/KGNeptune/neptune_csvs/variable_nodes.csv
2025-10-21 05:10:52,684 - __main__ - INFO - Successfully wrote Variable nodes to /workspace/AutoClimDS/KGNeptune/neptune_csvs/variable_nodes.csv
2025-10-21 05:10:52,684 - __main__ - INFO - Writing 2245 CESMVariable nodes to /workspace/AutoClimDS/KGNeptune/neptune_csvs/cesmvariable_nodes.csv
2025-10-21 05:10:52,809 - __main__ - INFO - Successfully wrote CESMVariable nodes to /workspace/AutoClimDS/KGNeptune/neptune_csvs/cesmvariable_nodes.csv
2025-10-21 05:10:52,809 - __main__ - INFO - Writing 13 ScienceKeyword nodes to /workspace/AutoClimDS/KGNeptune/neptune_csvs/sciencekeyword_nodes.csv
2025-10-21 05:10:52,817 - __main__ - INFO - Successfully wrote ScienceKeyword nodes to /workspace/AutoClimDS/KGNeptune/neptune_csvs/sciencekeyword_nodes.csv
2025-10-21 05:10:52,817 - __main__ - INFO - Writing 52318 ProcessingLevel nodes to /workspace/AutoClimDS/KGNeptune/neptune_csvs/processinglevel_nodes.csv
2025-10-21 05:10:53,138 - __main__ - INFO - Successfully wrote ProcessingLevel nodes to /workspace/AutoClimDS/KGNeptune/neptune_csvs/processinglevel_nodes.csv
2025-10-21 05:10:53,138 - __main__ - INFO - Writing 1 SurrogateModelingWorkflow nodes to /workspace/AutoClimDS/KGNeptune/neptune_csvs/surrogatemodelingworkflow_nodes.csv
2025-10-21 05:10:53,143 - __main__ - INFO - Successfully wrote SurrogateModelingWorkflow nodes to /workspace/AutoClimDS/KGNeptune/neptune_csvs/surrogatemodelingworkflow_nodes.csv
2025-10-21 05:10:53,143 - __main__ - INFO - Writing 1 HybridMLPhysicsWorkflow nodes to /workspace/AutoClimDS/KGNeptune/neptune_csvs/hybridmlphysicsworkflow_nodes.csv
2025-10-21 05:10:53,148 - __main__ - INFO - Successfully wrote HybridMLPhysicsWorkflow nodes to /workspace/AutoClimDS/KGNeptune/neptune_csvs/hybridmlphysicsworkflow_nodes.csv
2025-10-21 05:10:53,148 - __main__ - INFO - Writing 1 EquationDiscoveryWorkflow nodes to /workspace/AutoClimDS/KGNeptune/neptune_csvs/equationdiscoveryworkflow_nodes.csv
2025-10-21 05:10:53,152 - __main__ - INFO - Successfully wrote EquationDiscoveryWorkflow nodes to /workspace/AutoClimDS/KGNeptune/neptune_csvs/equationdiscoveryworkflow_nodes.csv
2025-10-21 05:10:53,152 - __main__ - INFO - Writing 1 ParameterizationBenchmarkWorkflow nodes to /workspace/AutoClimDS/KGNeptune/neptune_csvs/parameterizationbenchmarkworkflow_nodes.csv
2025-10-21 05:10:53,157 - __main__ - INFO - Successfully wrote ParameterizationBenchmarkWorkflow nodes to /workspace/AutoClimDS/KGNeptune/neptune_csvs/parameterizationbenchmarkworkflow_nodes.csv
2025-10-21 05:10:53,158 - __main__ - INFO - Writing 1 UncertaintyQuantificationWorkflow nodes to /workspace/AutoClimDS/KGNeptune/neptune_csvs/uncertaintyquantificationworkflow_nodes.csv
2025-10-21 05:10:53,161 - __main__ - INFO - Successfully wrote UncertaintyQuantificationWorkflow nodes to /workspace/AutoClimDS/KGNeptune/neptune_csvs/uncertaintyquantificationworkflow_nodes.csv
2025-10-21 05:10:53,161 - __main__ - INFO - Writing 1 ParameterInferenceWorkflow nodes to /workspace/AutoClimDS/KGNeptune/neptune_csvs/parameterinferenceworkflow_nodes.csv
2025-10-21 05:10:53,167 - __main__ - INFO - Successfully wrote ParameterInferenceWorkflow nodes to /workspace/AutoClimDS/KGNeptune/neptune_csvs/parameterinferenceworkflow_nodes.csv
2025-10-21 05:10:53,167 - __main__ - INFO - Writing 1 SubseasonalForecastingWorkflow nodes to /workspace/AutoClimDS/KGNeptune/neptune_csvs/subseasonalforecastingworkflow_nodes.csv
2025-10-21 05:10:53,172 - __main__ - INFO - Successfully wrote SubseasonalForecastingWorkflow nodes to /workspace/AutoClimDS/KGNeptune/neptune_csvs/subseasonalforecastingworkflow_nodes.csv
2025-10-21 05:10:53,172 - __main__ - INFO - Writing 1 TransferLearningWorkflow nodes to /workspace/AutoClimDS/KGNeptune/neptune_csvs/transferlearningworkflow_nodes.csv
2025-10-21 05:10:53,177 - __main__ - INFO - Successfully wrote TransferLearningWorkflow nodes to /workspace/AutoClimDS/KGNeptune/neptune_csvs/transferlearningworkflow_nodes.csv
2025-10-21 05:10:53,177 - __main__ - INFO - Writing 637 SimVariable nodes to /workspace/AutoClimDS/KGNeptune/neptune_csvs/simvariable_nodes.csv
2025-10-21 05:10:53,379 - __main__ - INFO - Successfully wrote SimVariable nodes to /workspace/AutoClimDS/KGNeptune/neptune_csvs/simvariable_nodes.csv
2025-10-21 05:10:53,379 - __main__ - INFO - Writing 188 SimProvider nodes to /workspace/AutoClimDS/KGNeptune/neptune_csvs/simprovider_nodes.csv
2025-10-21 05:10:53,445 - __main__ - INFO - Successfully wrote SimProvider nodes to /workspace/AutoClimDS/KGNeptune/neptune_csvs/simprovider_nodes.csv
2025-10-21 05:10:53,446 - __main__ - INFO - Writing 413 SimSpatialCoverage nodes to /workspace/AutoClimDS/KGNeptune/neptune_csvs/simspatialcoverage_nodes.csv
2025-10-21 05:10:53,571 - __main__ - INFO - Successfully wrote SimSpatialCoverage nodes to /workspace/AutoClimDS/KGNeptune/neptune_csvs/simspatialcoverage_nodes.csv
2025-10-21 05:10:53,571 - __main__ - INFO - Writing 74 SimTemporalResolution nodes to /workspace/AutoClimDS/KGNeptune/neptune_csvs/simtemporalresolution_nodes.csv
2025-10-21 05:10:53,592 - __main__ - INFO - Successfully wrote SimTemporalResolution nodes to /workspace/AutoClimDS/KGNeptune/neptune_csvs/simtemporalresolution_nodes.csv
2025-10-21 05:10:53,592 - __main__ - INFO - Writing 322 SimExperiment nodes to /workspace/AutoClimDS/KGNeptune/neptune_csvs/simexperiment_nodes.csv
2025-10-21 05:10:53,609 - __main__ - INFO - Successfully wrote SimExperiment nodes to /workspace/AutoClimDS/KGNeptune/neptune_csvs/simexperiment_nodes.csv
2025-10-21 05:10:53,609 - __main__ - INFO - Writing 24 SimActivity nodes to /workspace/AutoClimDS/KGNeptune/neptune_csvs/simactivity_nodes.csv
2025-10-21 05:10:53,613 - __main__ - INFO - Successfully wrote SimActivity nodes to /workspace/AutoClimDS/KGNeptune/neptune_csvs/simactivity_nodes.csv
2025-10-21 05:10:53,613 - __main__ - INFO - Writing 101914 SimDataset nodes to /workspace/AutoClimDS/KGNeptune/neptune_csvs/simdataset_nodes.csv
2025-10-21 05:11:08,394 - __main__ - INFO - Successfully wrote SimDataset nodes to /workspace/AutoClimDS/KGNeptune/neptune_csvs/simdataset_nodes.csv
2025-10-21 05:11:08,395 - __main__ - INFO - Writing 113 SimHorizontalResolution nodes to /workspace/AutoClimDS/KGNeptune/neptune_csvs/simhorizontalresolution_nodes.csv
2025-10-21 05:11:08,410 - __main__ - INFO - Successfully wrote SimHorizontalResolution nodes to /workspace/AutoClimDS/KGNeptune/neptune_csvs/simhorizontalresolution_nodes.csv
2025-10-21 05:11:08,410 - __main__ - INFO - Writing 17 VerificationStatus nodes to /workspace/AutoClimDS/KGNeptune/neptune_csvs/verificationstatus_nodes.csv
2025-10-21 05:11:08,416 - __main__ - INFO - Successfully wrote VerificationStatus nodes to /workspace/AutoClimDS/KGNeptune/neptune_csvs/verificationstatus_nodes.csv
2025-10-21 05:11:08,416 - __main__ - INFO - Writing 653 EnsembleConfiguration nodes to /workspace/AutoClimDS/KGNeptune/neptune_csvs/ensembleconfiguration_nodes.csv
2025-10-21 05:11:08,435 - __main__ - INFO - Successfully wrote EnsembleConfiguration nodes to /workspace/AutoClimDS/KGNeptune/neptune_csvs/ensembleconfiguration_nodes.csv
2025-10-21 05:11:08,435 - __main__ - INFO - Writing 47 DataAsset nodes to /workspace/AutoClimDS/KGNeptune/neptune_csvs/dataasset_nodes.csv
2025-10-21 05:11:08,442 - __main__ - INFO - Successfully wrote DataAsset nodes to /workspace/AutoClimDS/KGNeptune/neptune_csvs/dataasset_nodes.csv
2025-10-21 05:11:08,442 - __main__ - INFO - Writing 47 QualityAssurance nodes to /workspace/AutoClimDS/KGNeptune/neptune_csvs/qualityassurance_nodes.csv
2025-10-21 05:11:08,448 - __main__ - INFO - Successfully wrote QualityAssurance nodes to /workspace/AutoClimDS/KGNeptune/neptune_csvs/qualityassurance_nodes.csv
2025-10-21 05:11:08,448 - __main__ - INFO - Writing 7 SimDataType nodes to /workspace/AutoClimDS/KGNeptune/neptune_csvs/simdatatype_nodes.csv
2025-10-21 05:11:08,456 - __main__ - INFO - Successfully wrote SimDataType nodes to /workspace/AutoClimDS/KGNeptune/neptune_csvs/simdatatype_nodes.csv
2025-10-21 05:11:08,456 - __main__ - INFO - Writing 7 SimProjection nodes to /workspace/AutoClimDS/KGNeptune/neptune_csvs/simprojection_nodes.csv
2025-10-21 05:11:08,462 - __main__ - INFO - Successfully wrote SimProjection nodes to /workspace/AutoClimDS/KGNeptune/neptune_csvs/simprojection_nodes.csv
2025-10-21 05:11:08,462 - __main__ - INFO - Writing 12 SimFileFormat nodes to /workspace/AutoClimDS/KGNeptune/neptune_csvs/simfileformat_nodes.csv
2025-10-21 05:11:08,467 - __main__ - INFO - Successfully wrote SimFileFormat nodes to /workspace/AutoClimDS/KGNeptune/neptune_csvs/simfileformat_nodes.csv
2025-10-21 05:11:08,468 - __main__ - INFO - Writing 11 SimVerticalLevel nodes to /workspace/AutoClimDS/KGNeptune/neptune_csvs/simverticallevel_nodes.csv
2025-10-21 05:11:08,477 - __main__ - INFO - Successfully wrote SimVerticalLevel nodes to /workspace/AutoClimDS/KGNeptune/neptune_csvs/simverticallevel_nodes.csv
2025-10-21 05:11:08,478 - __main__ - INFO - Writing 17 SimUpdateFrequency nodes to /workspace/AutoClimDS/KGNeptune/neptune_csvs/simupdatefrequency_nodes.csv
2025-10-21 05:11:08,488 - __main__ - INFO - Successfully wrote SimUpdateFrequency nodes to /workspace/AutoClimDS/KGNeptune/neptune_csvs/simupdatefrequency_nodes.csv
2025-10-21 05:11:08,947 - __main__ - INFO - Writing 259052 hasLink relationships to /workspace/AutoClimDS/KGNeptune/neptune_csvs/haslink_edges.csv
2025-10-21 05:11:10,735 - __main__ - INFO - Successfully wrote hasLink relationships to /workspace/AutoClimDS/KGNeptune/neptune_csvs/haslink_edges.csv
2025-10-21 05:11:10,735 - __main__ - INFO - Writing 48518 hasDataCategory relationships to /workspace/AutoClimDS/KGNeptune/neptune_csvs/hasdatacategory_edges.csv
2025-10-21 05:11:10,922 - __main__ - INFO - Successfully wrote hasDataCategory relationships to /workspace/AutoClimDS/KGNeptune/neptune_csvs/hasdatacategory_edges.csv
2025-10-21 05:11:10,922 - __main__ - INFO - Writing 15 hasDataFormat relationships to /workspace/AutoClimDS/KGNeptune/neptune_csvs/hasdataformat_edges.csv
2025-10-21 05:11:10,928 - __main__ - INFO - Successfully wrote hasDataFormat relationships to /workspace/AutoClimDS/KGNeptune/neptune_csvs/hasdataformat_edges.csv
2025-10-21 05:11:10,928 - __main__ - INFO - Writing 50760 usesCoordinateSystem relationships to /workspace/AutoClimDS/KGNeptune/neptune_csvs/usescoordinatesystem_edges.csv
2025-10-21 05:11:11,107 - __main__ - INFO - Successfully wrote usesCoordinateSystem relationships to /workspace/AutoClimDS/KGNeptune/neptune_csvs/usescoordinatesystem_edges.csv
2025-10-21 05:11:11,108 - __main__ - INFO - Writing 20383 hasLocation relationships to /workspace/AutoClimDS/KGNeptune/neptune_csvs/haslocation_edges.csv
2025-10-21 05:11:11,183 - __main__ - INFO - Successfully wrote hasLocation relationships to /workspace/AutoClimDS/KGNeptune/neptune_csvs/haslocation_edges.csv
2025-10-21 05:11:11,184 - __main__ - INFO - Writing 1 hasOrganization relationships to /workspace/AutoClimDS/KGNeptune/neptune_csvs/hasorganization_edges.csv
2025-10-21 05:11:11,188 - __main__ - INFO - Successfully wrote hasOrganization relationships to /workspace/AutoClimDS/KGNeptune/neptune_csvs/hasorganization_edges.csv
2025-10-21 05:11:11,189 - __main__ - INFO - Writing 50304 hasTemporalExtent relationships to /workspace/AutoClimDS/KGNeptune/neptune_csvs/hastemporalextent_edges.csv
2025-10-21 05:11:11,346 - __main__ - INFO - Successfully wrote hasTemporalExtent relationships to /workspace/AutoClimDS/KGNeptune/neptune_csvs/hastemporalextent_edges.csv
2025-10-21 05:11:11,347 - __main__ - INFO - Writing 13 hasScienceKeyword relationships to /workspace/AutoClimDS/KGNeptune/neptune_csvs/hassciencekeyword_edges.csv
2025-10-21 05:11:11,352 - __main__ - INFO - Successfully wrote hasScienceKeyword relationships to /workspace/AutoClimDS/KGNeptune/neptune_csvs/hassciencekeyword_edges.csv
2025-10-21 05:11:11,352 - __main__ - INFO - Writing 52318 hasProcessingLevel relationships to /workspace/AutoClimDS/KGNeptune/neptune_csvs/hasprocessinglevel_edges.csv
2025-10-21 05:11:11,523 - __main__ - INFO - Successfully wrote hasProcessingLevel relationships to /workspace/AutoClimDS/KGNeptune/neptune_csvs/hasprocessinglevel_edges.csv
2025-10-21 05:11:11,523 - __main__ - INFO - Writing 116555 hasVariable relationships to /workspace/AutoClimDS/KGNeptune/neptune_csvs/hasvariable_edges.csv
2025-10-21 05:11:12,197 - __main__ - INFO - Successfully wrote hasVariable relationships to /workspace/AutoClimDS/KGNeptune/neptune_csvs/hasvariable_edges.csv
2025-10-21 05:11:12,197 - __main__ - INFO - Writing 24991 hasCESMVariable relationships to /workspace/AutoClimDS/KGNeptune/neptune_csvs/hascesmvariable_edges.csv
2025-10-21 05:11:12,418 - __main__ - INFO - Successfully wrote hasCESMVariable relationships to /workspace/AutoClimDS/KGNeptune/neptune_csvs/hascesmvariable_edges.csv
2025-10-21 05:11:12,419 - __main__ - INFO - Writing 686773 similarCESMVariable relationships to /workspace/AutoClimDS/KGNeptune/neptune_csvs/similarcesmvariable_edges.csv
2025-10-21 05:11:14,616 - __main__ - INFO - Successfully wrote similarCESMVariable relationships to /workspace/AutoClimDS/KGNeptune/neptune_csvs/similarcesmvariable_edges.csv
2025-10-21 05:11:14,617 - __main__ - INFO - Writing 13 describesVariable relationships to /workspace/AutoClimDS/KGNeptune/neptune_csvs/describesvariable_edges.csv
2025-10-21 05:11:14,625 - __main__ - INFO - Successfully wrote describesVariable relationships to /workspace/AutoClimDS/KGNeptune/neptune_csvs/describesvariable_edges.csv
2025-10-21 05:11:14,626 - __main__ - INFO - Writing 81067 hasCalendar relationships to /workspace/AutoClimDS/KGNeptune/neptune_csvs/hascalendar_edges.csv
2025-10-21 05:11:15,347 - __main__ - INFO - Successfully wrote hasCalendar relationships to /workspace/AutoClimDS/KGNeptune/neptune_csvs/hascalendar_edges.csv
2025-10-21 05:11:15,348 - __main__ - INFO - Writing 101909 hasTemporalResolution relationships to /workspace/AutoClimDS/KGNeptune/neptune_csvs/hastemporalresolution_edges.csv
2025-10-21 05:11:16,037 - __main__ - INFO - Successfully wrote hasTemporalResolution relationships to /workspace/AutoClimDS/KGNeptune/neptune_csvs/hastemporalresolution_edges.csv
2025-10-21 05:11:16,037 - __main__ - INFO - Writing 101909 hasSpatialCoverage relationships to /workspace/AutoClimDS/KGNeptune/neptune_csvs/hasspatialcoverage_edges.csv
2025-10-21 05:11:16,826 - __main__ - INFO - Successfully wrote hasSpatialCoverage relationships to /workspace/AutoClimDS/KGNeptune/neptune_csvs/hasspatialcoverage_edges.csv
2025-10-21 05:11:16,827 - __main__ - INFO - Writing 203760 providedBy relationships to /workspace/AutoClimDS/KGNeptune/neptune_csvs/providedby_edges.csv
2025-10-21 05:11:20,896 - __main__ - INFO - Successfully wrote providedBy relationships to /workspace/AutoClimDS/KGNeptune/neptune_csvs/providedby_edges.csv
2025-10-21 05:11:20,897 - __main__ - INFO - Writing 101864 hasRealm relationships to /workspace/AutoClimDS/KGNeptune/neptune_csvs/hasrealm_edges.csv
2025-10-21 05:11:21,859 - __main__ - INFO - Successfully wrote hasRealm relationships to /workspace/AutoClimDS/KGNeptune/neptune_csvs/hasrealm_edges.csv
2025-10-21 05:11:21,860 - __main__ - INFO - Writing 271583 hasHorizontalResolution relationships to /workspace/AutoClimDS/KGNeptune/neptune_csvs/hashorizontalresolution_edges.csv
2025-10-21 05:11:24,116 - __main__ - INFO - Successfully wrote hasHorizontalResolution relationships to /workspace/AutoClimDS/KGNeptune/neptune_csvs/hashorizontalresolution_edges.csv
2025-10-21 05:11:24,117 - __main__ - INFO - Writing 305592 hasGridInfo relationships to /workspace/AutoClimDS/KGNeptune/neptune_csvs/hasgridinfo_edges.csv
2025-10-21 05:11:27,141 - __main__ - INFO - Successfully wrote hasGridInfo relationships to /workspace/AutoClimDS/KGNeptune/neptune_csvs/hasgridinfo_edges.csv
2025-10-21 05:11:27,141 - __main__ - INFO - Writing 101864 hasVerificationStatus relationships to /workspace/AutoClimDS/KGNeptune/neptune_csvs/hasverificationstatus_edges.csv
2025-10-21 05:11:28,068 - __main__ - INFO - Successfully wrote hasVerificationStatus relationships to /workspace/AutoClimDS/KGNeptune/neptune_csvs/hasverificationstatus_edges.csv
2025-10-21 05:11:28,069 - __main__ - INFO - Writing 21890 hasEnsembleConfig relationships to /workspace/AutoClimDS/KGNeptune/neptune_csvs/hasensembleconfig_edges.csv
2025-10-21 05:11:28,282 - __main__ - INFO - Successfully wrote hasEnsembleConfig relationships to /workspace/AutoClimDS/KGNeptune/neptune_csvs/hasensembleconfig_edges.csv
2025-10-21 05:11:28,282 - __main__ - INFO - Writing 47 hasSpatialExtent relationships to /workspace/AutoClimDS/KGNeptune/neptune_csvs/hasspatialextent_edges.csv
2025-10-21 05:11:28,291 - __main__ - INFO - Successfully wrote hasSpatialExtent relationships to /workspace/AutoClimDS/KGNeptune/neptune_csvs/hasspatialextent_edges.csv
2025-10-21 05:11:28,291 - __main__ - INFO - Writing 47 hasAsset relationships to /workspace/AutoClimDS/KGNeptune/neptune_csvs/hasasset_edges.csv
2025-10-21 05:11:28,298 - __main__ - INFO - Successfully wrote hasAsset relationships to /workspace/AutoClimDS/KGNeptune/neptune_csvs/hasasset_edges.csv
2025-10-21 05:11:28,298 - __main__ - INFO - Writing 47 hasQualityCheck relationships to /workspace/AutoClimDS/KGNeptune/neptune_csvs/hasqualitycheck_edges.csv
2025-10-21 05:11:28,314 - __main__ - INFO - Successfully wrote hasQualityCheck relationships to /workspace/AutoClimDS/KGNeptune/neptune_csvs/hasqualitycheck_edges.csv
2025-10-21 05:11:28,314 - __main__ - INFO - Writing 45 hasDataType relationships to /workspace/AutoClimDS/KGNeptune/neptune_csvs/hasdatatype_edges.csv
2025-10-21 05:11:28,319 - __main__ - INFO - Successfully wrote hasDataType relationships to /workspace/AutoClimDS/KGNeptune/neptune_csvs/hasdatatype_edges.csv
2025-10-21 05:11:28,319 - __main__ - INFO - Writing 39 hasProjection relationships to /workspace/AutoClimDS/KGNeptune/neptune_csvs/hasprojection_edges.csv
2025-10-21 05:11:28,325 - __main__ - INFO - Successfully wrote hasProjection relationships to /workspace/AutoClimDS/KGNeptune/neptune_csvs/hasprojection_edges.csv
2025-10-21 05:11:28,325 - __main__ - INFO - Writing 45 hasFileFormat relationships to /workspace/AutoClimDS/KGNeptune/neptune_csvs/hasfileformat_edges.csv
2025-10-21 05:11:28,332 - __main__ - INFO - Successfully wrote hasFileFormat relationships to /workspace/AutoClimDS/KGNeptune/neptune_csvs/hasfileformat_edges.csv
2025-10-21 05:11:28,332 - __main__ - INFO - Writing 61 hasVerticalLevel relationships to /workspace/AutoClimDS/KGNeptune/neptune_csvs/hasverticallevel_edges.csv
2025-10-21 05:11:28,338 - __main__ - INFO - Successfully wrote hasVerticalLevel relationships to /workspace/AutoClimDS/KGNeptune/neptune_csvs/hasverticallevel_edges.csv
2025-10-21 05:11:28,338 - __main__ - INFO - Writing 44 hasUpdateFrequency relationships to /workspace/AutoClimDS/KGNeptune/neptune_csvs/hasupdatefrequency_edges.csv
2025-10-21 05:11:28,344 - __main__ - INFO - Successfully wrote hasUpdateFrequency relationships to /workspace/AutoClimDS/KGNeptune/neptune_csvs/hasupdatefrequency_edges.csv
2025-10-21 05:11:28,344 - __main__ - INFO - Writing 146 relatedTo relationships to /workspace/AutoClimDS/KGNeptune/neptune_csvs/relatedto_edges.csv
2025-10-21 05:11:28,351 - __main__ - INFO - Successfully wrote relatedTo relationships to /workspace/AutoClimDS/KGNeptune/neptune_csvs/relatedto_edges.csv
2025-10-21 05:11:28,351 - __main__ - INFO - Writing 16 hasCESMSimVariable relationships to /workspace/AutoClimDS/KGNeptune/neptune_csvs/hascesmsimvariable_edges.csv
2025-10-21 05:11:28,357 - __main__ - INFO - Successfully wrote hasCESMSimVariable relationships to /workspace/AutoClimDS/KGNeptune/neptune_csvs/hascesmsimvariable_edges.csv
2025-10-21 05:11:29,123 - __main__ - INFO -  Processing remaining embeddings...
2025-10-21 05:11:29,123 - __main__ - INFO - 🧠 Processing embedding batch: 75 items (total processed: 84500)
2025-10-21 05:11:29,248 - __main__ - INFO -  Generated embeddings for 65966 nodes
2025-10-21 05:11:29,248 - __main__ - INFO -  Conversion complete. Created 585554 nodes and 2601671 relationships
2025-10-21 05:11:29,248 - __main__ - INFO -  Conversion summary written to /workspace/AutoClimDS/KGNeptune/neptune_csvs/conversion_summary.json
2025-10-21 05:11:29,248 - __main__ - INFO - Generated files follow Neptune OpenCypher format:
2025-10-21 05:11:29,248 - __main__ - INFO - - Separate CSV file for each node type (e.g., dataset_nodes.csv)
2025-10-21 05:11:29,248 - __main__ - INFO - - Separate CSV file for each relationship type (e.g., hasdatacategory_edges.csv)
2025-10-21 05:11:29,249 - __main__ - INFO - - Node files have :ID, property:Type columns, and :LABEL
2025-10-21 05:11:29,249 - __main__ - INFO - - Relationship files have :ID, :START_ID, :END_ID, and :TYPE columns
